"","count.201001","count.201002","count.201003","count.201004","count.201005","count.201006","count.201007","count.201008","count.201009","count.201010","count.201011","count.201012","count.201101","count.201102","count.201103","count.201104","count.201105","count.201106","count.201107","count.201108","count.201109","count.201110","count.201111","count.201112","count.201201","count.201202","count.201203","count.201204","count.201205","count.201206","count.201207","count.201208","count.201209","count.201210","count.201211","count.201212","count.201301","count.201302","count.201303","count.201304","count.201305","count.201306","count.201307","count.201308","count.201309","count.201310","count.201311","count.201312","count.201401","count.201402","count.201403","count.201404","count.201405","count.201406","count.201407","count.201408","count.201409","count.201410","count.201411","count.201412","count.201501","count.201502","count.201503","count.201504","count.201505","count.201506","count.201507","count.201508","count.201509","count.201510","count.201511","count.201512"
"1",0,1,0,0,0,1,1,0,1,1,0,0,0,0,0,0,0,0,0,0,0,1,0,0,0,0,0,0,0,0,0,3,0,1,0,0,0,0,0,0,0,0,0,0,1,1,1,0,0,0,0,0,0,0,1,0,0,0,1,0,0,0,0,0,0,1,1,0,0,0,0,0
"2",0,0,1,0,0,0,0,0,0,0,0,0,0,0,0,0,0,1,0,0,0,0,0,1,0,1,0,0,0,0,0,0,0,0,0,0,0,0,0,0,0,0,0,0,0,0,0,0,0,0,0,0,0,0,0,0,0,0,0,0,0,0,0,0,0,0,0,0,0,0,0,0
"3",0,0,0,0,0,0,0,0,0,1,0,0,0,0,0,0,0,0,1,0,0,0,0,0,0,0,0,0,0,0,0,2,0,0,2,0,0,0,2,0,0,0,0,1,0,1,0,0,0,0,0,0,0,0,0,0,0,0,0,0,0,0,1,0,0,0,3,0,1,1,1,2
"4",0,0,1,0,0,1,0,0,0,0,0,0,0,0,0,0,0,0,0,0,0,0,0,0,0,0,0,0,1,1,0,1,1,0,1,2,0,2,0,0,1,1,0,0,0,0,0,0,0,0,0,0,0,0,0,0,3,0,0,1,0,0,0,0,0,0,0,0,0,0,0,0
"5",0,0,0,0,0,0,1,0,0,0,0,0,0,0,0,0,0,0,0,0,0,0,0,0,0,0,0,0,0,0,0,0,0,0,0,0,0,0,0,0,0,0,0,0,0,0,0,1,0,0,0,0,0,0,0,0,0,0,0,0,0,0,0,0,0,0,0,0,0,0,0,0
"6",0,0,0,0,0,0,0,1,0,0,0,0,2,0,0,0,0,1,0,0,0,0,0,0,0,0,0,1,0,0,0,1,0,1,0,0,0,0,1,1,0,0,0,0,0,0,0,2,0,0,1,0,1,0,1,0,0,0,0,1,0,0,0,0,1,1,0,0,0,0,0,1
"7",0,0,2,0,1,0,1,1,1,1,0,1,0,0,0,2,0,0,1,1,0,0,0,1,0,0,0,0,1,0,1,0,0,0,0,0,0,0,0,0,0,1,0,0,1,0,0,0,1,0,0,0,3,1,0,0,0,1,0,0,0,0,0,0,0,0,0,0,0,1,0,0
"8",0,1,0,0,0,0,1,1,4,0,0,0,1,0,0,1,0,0,1,0,1,0,0,0,0,0,0,1,0,1,0,0,0,0,1,1,0,0,0,0,0,1,0,2,1,0,0,0,1,0,0,0,0,1,1,0,1,0,0,0,1,0,0,0,0,0,0,0,0,0,0,0
"9",2,1,1,2,1,0,2,1,0,1,6,1,4,2,0,3,0,3,2,2,3,2,0,0,1,0,0,0,3,0,2,0,2,0,2,2,3,0,1,0,0,1,0,0,0,0,1,0,0,0,0,0,0,1,1,0,0,0,0,0,0,0,2,0,0,0,0,0,0,0,2,0
"10",0,0,0,1,1,1,0,1,0,0,0,1,0,2,0,0,0,0,0,0,2,1,3,0,0,0,0,1,0,0,1,0,0,2,2,0,0,0,0,1,0,0,0,0,0,0,1,0,0,0,0,0,0,1,0,0,1,0,0,0,2,0,0,0,1,0,1,0,0,0,0,0
"11",1,2,2,2,1,1,1,1,0,0,1,1,0,3,0,0,0,0,0,0,0,0,0,1,0,0,1,0,2,0,0,1,0,1,1,1,0,1,0,0,0,0,0,0,0,1,1,0,1,0,0,0,0,0,1,2,1,2,1,1,0,0,2,2,0,0,0,0,0,1,0,3
"12",0,2,0,3,2,1,0,1,2,1,3,3,0,2,0,3,1,2,1,2,4,2,0,0,1,3,2,1,0,1,2,1,1,2,1,1,0,0,3,1,0,1,0,0,3,2,2,1,0,0,0,2,2,0,1,3,2,1,0,3,0,0,1,1,0,1,0,0,3,1,0,2
"13",0,0,0,0,0,1,1,0,1,0,0,0,0,0,1,0,0,0,0,0,0,0,2,0,0,1,0,0,0,0,0,0,0,0,0,0,0,0,0,0,0,0,0,0,0,0,0,0,0,0,0,1,0,0,0,0,0,0,0,0,0,0,0,0,0,0,0,0,0,0,0,0
"14",1,1,1,1,4,2,0,0,2,1,0,0,1,0,0,0,2,0,1,1,1,0,0,0,0,0,0,0,0,0,0,1,0,1,0,1,0,0,0,0,2,0,1,1,0,1,2,2,0,0,0,0,0,0,1,1,0,0,1,0,0,0,1,0,0,1,0,3,0,0,0,1
"15",1,2,0,0,2,1,0,2,0,0,0,0,0,3,0,0,0,0,0,1,0,0,0,1,2,0,1,1,1,1,0,1,1,1,1,0,1,1,1,0,0,3,2,0,2,1,1,1,3,0,1,0,0,1,0,0,1,0,0,1,0,0,0,1,0,1,1,0,0,1,0,0
"16",1,2,5,0,0,0,0,3,0,3,0,0,1,4,1,1,1,0,1,2,0,0,0,1,0,0,1,0,0,1,0,2,1,1,0,0,2,0,0,0,0,1,0,1,1,3,0,0,0,0,1,0,1,0,0,2,0,0,1,1,0,0,0,2,0,1,0,0,0,0,0,0
"17",0,0,0,1,0,2,0,1,0,2,3,0,0,0,0,1,1,1,1,0,0,2,2,0,0,0,0,1,0,1,0,1,0,0,1,0,0,0,1,1,0,0,0,0,0,0,1,0,0,0,0,0,2,0,1,0,0,0,0,0,0,0,0,0,0,2,1,0,0,1,0,3
"18",1,4,1,1,2,3,1,0,0,0,0,0,1,1,1,0,1,0,0,2,0,1,1,2,0,0,2,0,3,1,1,0,0,0,1,0,0,0,0,2,0,0,1,1,1,1,0,1,0,1,1,0,2,2,1,1,1,0,0,0,0,1,0,0,1,0,0,1,1,1,2,0
"19",1,1,1,1,2,2,3,1,3,4,3,2,0,2,0,2,4,0,6,1,4,0,3,0,1,0,0,0,1,0,0,3,1,2,1,0,2,3,1,0,3,3,3,2,5,2,1,1,1,1,1,1,2,1,0,5,1,3,2,0,0,0,0,2,0,0,1,0,1,0,0,1
"20",3,0,0,1,0,0,0,4,0,0,0,0,0,0,0,0,0,0,2,0,0,0,0,0,0,0,0,0,0,0,0,0,1,0,1,1,0,0,0,1,0,0,2,0,2,0,0,0,0,0,0,1,1,0,0,0,0,0,0,0,0,0,0,0,1,0,0,0,0,0,0,0
"21",0,3,1,2,1,0,1,0,0,0,1,1,0,1,2,0,0,0,0,2,0,1,2,1,0,2,1,0,0,1,0,1,2,1,2,1,1,3,1,0,0,1,1,1,1,1,0,0,0,1,1,1,0,3,0,1,1,2,1,2,1,1,0,0,2,0,2,4,0,0,0,2
"22",0,1,2,1,0,1,1,1,3,1,1,2,7,2,1,0,1,1,0,1,1,0,1,4,1,0,0,0,0,2,0,2,2,0,0,1,0,2,2,0,4,1,0,0,0,0,0,1,1,1,0,0,0,2,0,0,1,2,0,1,0,0,0,0,0,0,0,1,1,1,1,0
"23",1,0,1,1,0,0,1,0,0,0,1,2,0,0,1,1,1,0,0,0,0,1,0,1,0,0,0,0,0,1,1,0,1,1,0,0,1,3,0,0,1,0,0,0,0,0,2,0,0,0,0,0,1,0,1,0,0,0,0,0,0,0,0,0,0,0,1,2,0,0,0,1
"24",0,0,1,1,1,0,0,0,0,1,0,0,2,0,2,1,0,1,0,1,0,0,1,0,0,0,2,1,0,0,0,1,0,0,0,2,1,0,0,0,0,0,0,0,0,3,0,0,0,0,2,1,0,0,1,0,0,1,0,0,0,0,0,0,1,0,0,1,0,0,0,0
"25",1,1,0,4,1,1,0,0,2,1,1,1,3,4,0,1,3,5,1,2,0,0,2,0,0,1,0,0,3,2,0,0,0,2,0,1,0,0,1,0,0,0,0,1,0,0,0,0,0,1,0,0,3,0,0,0,0,0,0,0,0,1,0,0,1,0,0,0,0,1,1,1
"26",0,0,2,1,7,4,4,3,0,1,1,1,3,1,1,1,0,2,3,7,2,4,1,1,0,0,0,0,1,0,1,1,2,0,0,0,0,0,1,0,0,3,0,0,1,0,1,0,0,0,0,1,1,1,0,3,0,0,0,0,0,0,2,2,2,2,0,0,0,0,1,1
"27",1,1,1,1,1,0,0,0,0,1,1,0,2,0,1,1,0,3,2,1,2,2,2,0,1,1,0,1,1,2,0,1,0,0,0,1,0,0,1,0,0,0,0,1,0,1,1,1,0,0,0,1,0,3,1,0,0,1,2,1,0,0,0,0,0,0,1,1,0,0,0,0
"28",1,0,0,0,2,0,0,1,0,1,0,1,0,0,1,0,0,0,0,0,0,0,0,0,0,0,0,0,2,1,0,0,0,1,0,0,0,0,0,0,0,0,0,0,1,1,1,1,0,0,1,0,0,0,0,0,1,0,0,0,0,0,0,0,0,0,0,0,0,0,0,0
"29",3,2,8,4,3,1,7,4,1,0,2,1,1,0,3,3,1,2,3,3,3,1,3,0,2,2,2,5,3,4,5,3,2,2,0,1,3,0,1,0,1,2,1,0,1,2,5,1,0,0,1,0,1,3,2,1,0,3,1,0,0,0,0,1,1,0,6,0,1,0,0,0
"30",0,1,0,1,4,0,0,3,0,1,0,1,1,2,0,3,0,0,4,0,0,1,1,1,1,0,0,0,1,0,1,0,1,0,1,0,0,0,1,0,0,0,0,0,0,0,0,0,1,0,0,2,0,0,3,0,0,0,0,2,0,0,0,0,0,0,0,1,1,0,0,0
"31",2,0,2,3,4,2,1,3,5,0,1,0,1,2,2,0,2,0,4,3,1,2,5,1,1,0,2,0,2,1,1,5,1,1,0,1,2,0,1,0,0,0,1,0,1,2,1,1,0,0,0,0,1,3,3,1,2,0,1,0,0,0,1,2,1,1,1,0,1,1,3,0
"32",4,2,0,1,2,1,2,1,0,1,0,1,0,1,0,0,0,2,0,0,1,2,1,2,1,0,0,0,2,1,1,0,1,0,1,0,0,0,0,0,1,2,1,0,1,1,0,0,1,0,0,0,1,0,1,0,0,1,1,0,0,1,1,1,0,1,0,0,0,1,0,1
"33",0,1,0,0,0,0,1,1,0,1,0,0,0,0,0,1,1,0,0,0,0,1,0,0,0,1,0,0,0,0,2,1,0,0,1,0,0,0,0,0,0,0,1,0,1,0,2,0,0,0,0,0,0,0,0,0,1,0,0,0,0,0,0,0,0,0,0,0,0,0,1,0
"34",3,2,1,0,4,4,2,1,1,4,3,4,2,4,0,4,6,6,2,7,1,4,7,3,1,2,1,4,3,8,3,3,2,2,6,0,1,1,1,0,0,1,1,3,1,1,2,4,0,0,0,3,4,1,2,3,3,3,0,1,2,0,0,2,0,4,1,1,4,6,4,1
"35",0,1,1,2,3,4,3,3,4,4,1,2,10,6,2,7,2,2,1,2,4,1,1,6,3,1,0,3,3,5,4,5,2,2,2,7,7,1,0,1,0,1,1,4,5,2,5,0,0,2,2,0,0,2,2,0,0,2,6,4,1,0,1,4,3,2,0,3,1,2,1,2
"36",0,0,2,0,3,1,0,1,4,1,1,4,1,7,3,3,3,2,0,3,1,1,1,2,0,0,1,1,1,1,0,0,1,1,2,3,1,0,1,0,0,0,0,0,1,1,2,0,0,0,0,2,2,2,0,0,0,1,0,0,0,0,0,1,1,1,1,0,0,0,0,0
"37",1,3,0,1,2,1,0,2,2,1,2,1,3,4,1,4,2,1,0,1,2,4,4,3,4,6,2,2,2,4,2,1,2,3,0,1,0,0,0,1,1,4,1,1,5,1,3,5,6,3,6,2,3,4,5,1,1,1,7,2,1,0,2,4,3,3,2,5,3,6,2,0
"38",2,0,1,1,1,5,1,1,6,1,5,4,1,3,6,4,1,3,5,4,2,1,3,5,3,2,0,1,4,7,2,3,1,0,2,8,4,0,1,0,2,2,0,6,6,4,3,2,0,2,3,1,7,6,6,2,5,7,4,2,4,1,0,1,1,2,0,3,1,9,1,1
"39",0,1,0,2,1,1,2,3,2,4,3,1,1,2,1,4,3,3,4,7,8,0,2,2,0,0,1,1,3,3,0,0,4,4,0,0,1,0,2,0,0,3,2,4,5,1,2,4,1,0,0,1,1,1,1,1,0,0,1,1,0,1,2,1,2,0,3,2,1,3,1,5
"40",3,1,2,2,1,3,1,3,4,2,2,2,2,0,1,1,3,6,0,5,5,4,1,1,1,2,6,1,3,2,1,1,1,3,4,2,4,0,0,3,1,3,3,4,4,1,7,3,0,0,0,1,0,2,2,1,1,2,0,0,0,0,0,1,0,1,4,2,0,7,1,5
"41",3,1,0,0,1,1,3,2,2,5,2,0,0,0,2,2,2,2,1,3,7,4,4,0,2,1,1,2,1,1,1,1,0,0,2,0,1,0,0,0,1,4,3,5,7,0,1,0,0,1,0,0,1,1,0,2,1,0,2,0,0,5,0,0,3,0,0,1,0,0,1,1
"42",1,0,1,0,0,0,0,1,0,0,0,0,0,1,2,0,2,1,2,0,0,2,1,1,1,1,0,1,1,0,1,2,0,1,0,0,1,0,1,0,1,1,3,1,0,0,1,0,0,0,0,0,0,0,0,0,0,0,0,0,1,0,0,0,0,0,1,1,1,2,1,2
"43",1,0,0,0,0,1,0,1,0,0,3,0,0,0,1,4,3,1,1,2,2,1,0,0,1,0,0,0,1,0,1,1,0,3,0,1,0,0,0,1,1,3,2,5,1,1,1,0,1,0,0,0,1,1,1,1,0,1,0,4,0,0,1,1,3,1,1,2,0,0,0,0
"44",2,1,0,0,1,1,1,1,0,0,3,3,0,0,4,1,0,3,0,1,0,2,0,0,0,0,3,2,1,1,2,2,0,0,0,1,1,0,0,0,1,2,1,1,1,2,0,0,0,0,1,0,2,0,1,2,1,1,1,3,3,1,0,0,2,2,0,0,2,0,0,0
"45",1,0,1,1,3,2,2,4,2,1,2,0,0,0,0,1,1,0,5,0,1,1,1,3,1,0,0,3,0,1,1,1,1,0,1,0,0,1,2,2,1,0,1,1,0,0,1,1,1,0,0,0,0,2,0,2,0,0,2,1,0,0,0,0,0,0,1,1,1,1,0,1
"46",0,0,2,5,1,2,5,3,2,4,4,2,0,0,0,0,3,0,1,1,2,0,0,2,4,2,2,1,2,3,3,1,1,0,1,0,1,2,0,1,2,0,0,1,3,4,1,3,1,4,1,0,0,0,1,1,3,0,1,0,0,0,0,0,2,2,0,2,1,1,2,0
"47",2,2,5,1,4,3,10,2,4,4,1,6,0,0,3,7,3,0,1,0,2,1,2,3,1,2,0,1,3,3,1,3,0,6,0,2,4,0,1,1,2,1,1,3,1,3,3,1,0,3,0,1,1,1,0,2,1,2,0,1,1,2,0,4,0,2,1,2,2,2,3,2
"48",0,0,2,2,0,3,6,5,4,3,2,5,2,0,4,1,2,3,2,3,1,1,0,1,0,1,0,2,0,2,1,1,3,0,0,0,0,0,0,2,0,2,4,1,1,0,1,1,1,0,1,0,0,1,0,4,1,0,2,2,0,0,1,1,1,0,2,3,0,2,0,2
"49",2,0,7,3,4,1,0,2,3,0,1,0,2,2,3,1,1,1,2,3,3,1,0,2,2,0,0,2,0,5,0,1,0,0,0,2,0,1,0,0,0,0,1,1,1,0,2,1,1,0,0,0,0,2,2,0,2,3,1,1,0,0,0,1,3,2,0,0,1,0,1,1
"50",0,1,3,0,3,1,2,3,0,1,2,2,0,0,0,1,6,3,1,3,0,0,1,0,3,1,1,0,0,0,2,1,0,2,2,0,0,0,1,3,0,1,1,6,0,1,1,0,0,0,2,0,3,1,0,1,2,2,1,0,0,0,0,0,0,0,2,0,3,1,0,1
"51",0,1,0,3,2,1,2,3,2,0,2,1,1,0,2,3,2,0,6,2,2,2,3,2,0,2,0,0,1,2,0,2,2,4,1,1,1,0,1,0,2,1,7,3,2,3,3,1,3,1,2,2,2,1,1,2,0,0,0,1,0,1,0,2,2,4,2,3,1,0,1,1
"52",1,3,2,1,4,5,5,6,1,3,0,2,3,0,0,0,1,1,0,1,2,2,2,1,3,1,2,5,0,1,0,3,0,1,0,0,0,0,2,0,2,1,1,3,2,1,0,1,2,0,0,1,0,0,3,1,2,1,1,1,0,0,1,0,1,2,0,0,1,0,1,0
"53",2,0,2,2,5,7,3,3,4,5,2,3,4,2,3,1,5,0,0,6,5,3,6,7,2,0,1,2,2,3,6,4,1,4,1,4,1,0,1,3,2,0,2,2,4,0,3,4,2,0,4,0,2,1,2,2,3,0,2,2,1,0,3,1,1,2,3,6,3,1,2,2
"54",2,1,2,4,4,5,1,1,2,1,3,1,1,0,1,0,1,1,5,5,2,0,1,3,1,0,2,1,3,3,1,2,5,3,1,3,2,1,0,2,1,2,1,2,0,5,1,1,1,2,0,0,0,1,0,2,0,0,3,5,0,1,4,1,2,1,2,3,4,4,0,1
"55",1,1,4,8,0,1,3,2,0,2,3,0,2,2,0,2,1,6,3,5,7,4,2,8,3,4,2,1,1,3,0,5,2,2,2,3,5,2,0,2,0,0,0,4,0,9,1,2,3,1,1,1,2,4,2,3,2,0,5,6,0,3,2,2,1,6,6,2,4,8,4,4
"56",1,1,2,5,1,1,2,4,2,1,3,3,2,0,0,0,1,1,1,2,0,0,0,0,1,0,0,1,1,0,2,2,0,2,2,2,0,0,1,0,0,1,1,1,0,1,1,0,0,1,0,2,3,1,0,2,0,1,1,0,0,1,0,0,0,0,1,1,0,1,2,1
"57",1,0,2,1,1,4,0,0,3,1,0,1,0,3,0,0,1,1,1,1,0,2,1,0,0,0,1,1,0,0,1,0,0,5,3,4,0,0,0,2,2,1,0,2,1,0,0,0,0,0,0,0,0,0,0,1,0,0,0,0,0,0,0,0,0,1,0,1,0,0,1,2
"58",0,3,4,2,1,1,6,1,1,7,0,1,2,1,2,2,2,3,0,2,1,2,1,3,2,2,1,3,2,0,1,3,3,4,4,2,2,0,1,0,1,2,0,1,1,0,0,2,0,0,1,0,2,0,0,0,0,0,0,3,0,1,1,0,0,0,1,0,1,1,1,0
"59",2,0,1,1,1,1,0,1,5,3,2,2,0,1,2,2,2,0,0,2,1,1,7,3,4,0,4,1,1,2,2,1,2,2,10,5,2,0,0,1,1,1,3,4,0,0,0,0,2,0,0,0,0,0,0,2,0,0,1,1,0,0,2,1,2,0,0,0,0,2,1,2
"60",1,1,0,0,2,0,1,1,0,0,0,1,1,1,2,1,2,3,4,1,0,4,10,1,3,0,0,0,0,1,3,0,0,2,2,0,0,0,4,1,2,1,6,4,5,2,1,2,0,0,3,0,3,2,0,0,3,3,0,2,1,0,1,0,0,1,1,2,0,2,3,0
"61",3,0,3,3,0,1,4,2,1,1,1,2,1,3,6,1,3,2,3,4,2,6,9,6,3,0,3,6,6,2,3,1,4,2,2,1,0,1,2,3,4,1,3,0,5,6,3,1,3,1,0,0,3,2,1,2,3,2,0,3,3,0,2,1,1,0,5,2,0,1,1,2
"62",2,0,1,1,2,2,0,2,2,0,1,0,0,1,3,6,3,2,4,3,1,2,3,3,0,0,0,1,1,1,0,2,1,3,2,1,1,5,0,4,0,1,4,1,3,0,0,2,1,1,0,1,1,1,2,1,0,0,1,1,1,0,0,1,2,0,1,0,0,2,0,1
"63",1,0,0,1,1,1,0,2,0,2,1,2,0,0,0,2,0,3,3,0,2,1,0,6,3,5,4,0,4,3,2,0,5,1,2,8,1,3,0,2,5,3,6,2,2,0,2,3,0,0,2,0,0,0,0,0,1,1,1,0,1,1,0,0,1,1,0,0,0,3,0,1
"64",2,0,0,0,0,1,0,1,0,0,1,2,1,2,1,0,1,1,1,2,0,2,2,1,1,0,0,2,0,2,0,1,0,3,1,2,1,2,1,0,1,0,5,5,3,5,3,2,1,0,1,0,2,1,0,0,0,2,1,0,3,0,1,0,0,0,1,0,2,4,0,1
"65",0,1,0,2,2,0,0,0,0,3,0,0,0,1,1,2,0,1,2,3,1,0,3,0,0,1,0,1,3,0,0,1,0,0,1,1,1,0,0,0,0,2,0,0,1,0,1,0,0,0,0,0,2,0,2,1,0,0,2,1,0,0,1,1,0,0,0,0,1,1,1,0
"66",0,1,1,0,0,0,0,0,1,2,2,3,2,1,2,1,3,2,3,0,0,1,1,1,1,0,2,0,3,0,2,2,1,3,1,3,0,1,3,1,3,2,1,1,1,1,0,0,2,2,0,1,1,5,0,1,0,3,1,0,0,0,1,1,1,1,0,0,2,0,1,0
"67",1,0,3,2,4,1,6,6,1,7,3,8,5,3,0,0,3,13,5,2,2,3,2,0,0,0,0,0,2,2,0,3,3,6,4,4,3,1,1,3,2,2,4,3,1,4,0,1,1,0,2,2,1,0,3,3,0,2,1,3,0,1,0,0,3,1,3,0,1,0,0,3
"68",1,1,2,1,1,4,6,5,7,8,6,10,7,5,5,6,3,7,3,2,6,10,7,3,2,0,3,3,5,3,1,4,6,9,7,0,2,0,2,7,11,5,3,5,0,0,0,2,0,1,0,2,0,5,1,1,5,4,1,1,3,1,2,2,2,3,1,4,2,2,2,0
"69",3,1,3,4,3,1,8,4,5,6,3,1,4,6,2,7,7,7,2,2,8,7,1,4,1,2,6,4,2,3,4,2,1,0,6,3,2,0,2,2,1,2,3,5,2,3,2,6,2,1,0,0,2,2,1,0,0,1,2,1,1,1,0,1,2,2,1,1,3,0,3,1
"70",1,1,1,0,2,4,7,3,5,4,2,0,0,0,3,0,4,4,1,1,3,4,3,4,0,0,2,1,1,0,0,2,1,1,1,1,3,2,3,1,7,3,3,4,3,1,3,2,4,0,0,0,0,1,3,2,0,1,1,3,3,1,0,0,0,1,1,2,0,1,1,1
"71",2,0,3,1,3,2,1,2,2,2,5,2,3,1,2,1,4,4,8,2,0,1,2,1,0,1,1,0,1,1,0,1,2,2,1,0,2,1,2,2,0,2,0,2,1,1,2,2,1,1,2,0,0,2,2,2,3,1,2,1,4,0,0,2,0,1,1,2,1,0,1,0
"72",2,0,0,0,1,3,0,4,2,1,3,2,1,0,1,5,0,4,2,2,0,1,0,0,0,1,2,1,3,2,3,0,1,1,1,2,1,1,0,0,1,2,1,3,1,0,0,0,0,0,0,0,1,0,2,2,4,1,0,0,1,2,0,0,0,2,0,0,2,3,1,2
"73",1,2,0,0,1,1,1,1,2,2,0,1,1,0,0,0,2,0,1,2,0,2,3,0,0,1,1,0,0,0,2,1,0,0,1,0,2,0,1,1,1,4,0,3,1,1,1,1,0,2,1,0,0,1,0,2,1,4,2,2,1,0,0,0,3,2,4,0,0,1,0,1
"74",0,0,0,0,0,3,1,0,2,1,0,1,1,0,0,0,1,3,2,3,0,2,0,1,0,0,1,1,1,4,1,1,0,1,2,0,0,0,0,0,1,1,1,0,1,2,1,0,0,0,0,1,1,1,0,0,0,2,1,1,0,0,0,1,0,0,0,0,0,2,2,3
"75",2,1,1,1,1,8,6,13,8,2,0,0,2,0,0,1,1,1,4,5,1,2,4,5,1,1,5,4,5,2,1,0,1,0,0,0,3,2,0,1,0,0,0,0,2,0,2,2,1,0,0,1,1,0,2,1,0,1,2,1,0,1,1,0,0,2,2,3,1,0,0,1
"76",1,0,0,0,2,6,10,5,0,0,1,0,1,1,1,0,2,2,2,1,3,1,1,2,3,0,1,3,1,4,5,1,2,1,1,1,1,1,0,1,2,2,1,1,0,0,1,0,0,0,0,0,2,1,1,1,0,3,0,2,0,0,0,0,0,1,1,1,0,2,1,2
"77",1,2,2,2,2,1,1,0,3,1,7,0,1,2,2,1,4,1,0,3,1,3,8,2,1,2,3,3,3,3,1,3,3,1,3,2,6,2,2,3,4,1,1,1,2,1,0,2,0,2,1,0,1,1,1,0,1,3,1,0,1,2,0,0,2,2,0,2,1,1,1,1
"78",2,2,2,6,1,1,1,3,3,3,2,1,3,5,4,3,1,5,2,4,2,3,3,0,2,1,1,6,4,1,5,7,2,4,6,3,3,2,5,5,6,0,3,1,0,0,1,1,2,2,3,2,2,1,3,1,2,1,1,1,0,0,2,1,5,2,3,3,2,2,1,0
"79",2,2,3,0,2,4,1,0,3,3,4,5,4,3,4,2,1,1,4,4,4,3,1,6,1,1,3,2,3,2,1,4,1,3,5,3,3,1,3,9,4,4,1,1,0,1,3,0,0,0,0,2,3,2,1,0,0,2,0,2,2,1,1,0,0,2,0,6,3,2,2,3
"80",3,0,1,3,2,1,3,4,0,1,0,3,2,2,0,2,5,2,1,3,0,3,0,2,1,1,2,0,2,1,3,1,1,2,2,0,2,0,0,1,7,6,3,0,1,2,0,1,1,1,1,0,1,0,0,0,0,1,0,1,1,0,0,0,0,0,0,1,3,0,0,2
"81",0,3,1,2,0,2,1,6,1,4,0,5,4,0,1,3,2,3,1,1,3,2,3,3,2,3,0,1,4,4,1,4,0,0,5,2,1,0,0,2,1,3,1,1,3,1,4,2,0,1,2,2,1,0,0,0,0,0,0,1,1,0,1,1,0,1,0,0,0,0,0,1
"82",1,1,3,1,3,1,0,1,2,0,1,0,1,0,0,4,2,3,0,2,0,3,1,1,0,0,0,0,4,1,1,3,1,0,1,2,2,1,2,2,2,0,2,1,0,1,3,2,2,2,2,0,5,1,0,1,1,2,1,1,1,0,2,0,4,0,0,0,2,0,0,1
"83",2,0,1,0,0,1,1,1,0,0,1,0,1,0,0,0,1,0,2,3,2,1,2,3,1,2,1,2,1,2,0,0,1,0,1,4,0,0,0,1,1,2,1,1,1,2,0,0,2,0,1,0,0,1,0,2,1,1,2,1,0,1,0,0,1,1,1,0,1,1,0,3
"84",0,2,1,1,5,1,3,3,0,1,1,1,2,0,2,4,1,5,0,2,3,1,1,3,3,0,1,2,5,2,1,2,2,0,2,0,0,0,1,4,2,1,1,3,0,2,1,1,3,2,0,2,1,0,0,1,0,0,1,1,1,3,0,0,1,1,2,0,1,0,0,0
"85",1,4,3,1,3,1,0,2,0,1,0,0,0,0,1,4,6,5,0,0,0,0,1,1,2,1,3,0,5,1,0,0,0,2,0,4,4,0,0,1,2,0,1,1,1,1,0,2,1,1,3,2,0,0,6,0,0,0,0,0,0,0,1,0,0,0,1,1,0,2,2,2
"86",2,1,3,5,3,2,1,2,0,4,2,1,3,2,1,2,0,5,1,1,5,3,3,0,1,1,1,5,3,2,2,1,7,1,6,3,5,2,4,3,3,2,0,3,1,0,3,1,3,1,1,0,0,2,0,0,1,0,0,1,3,0,0,1,4,1,0,0,1,0,0,0
"87",3,0,0,1,2,2,1,1,2,2,0,3,2,1,3,1,3,2,0,1,5,0,1,0,2,1,3,0,2,1,3,2,1,1,1,0,1,0,0,1,0,2,2,0,1,0,0,0,0,0,1,1,0,0,0,0,0,0,0,0,0,1,1,2,0,0,1,1,1,0,1,2
"88",4,3,3,2,6,6,3,6,3,0,6,4,4,1,1,7,8,7,5,4,4,3,2,0,2,2,1,4,4,6,5,7,5,1,3,1,4,1,1,3,3,2,3,2,1,2,2,4,1,0,0,0,1,3,0,3,1,3,0,2,5,0,2,2,3,2,4,5,1,1,5,0
"89",3,1,2,2,3,4,1,14,3,0,4,1,1,1,1,0,3,0,0,4,3,3,2,5,2,0,2,1,0,2,2,2,4,1,3,3,2,2,1,2,1,1,1,1,2,3,0,0,3,0,2,4,0,1,3,1,1,3,0,2,2,1,1,2,3,1,0,0,1,5,2,1
"90",2,3,1,0,2,0,3,7,3,3,0,0,1,0,1,0,2,2,1,3,1,1,0,5,3,1,1,1,2,0,1,4,5,0,6,2,3,3,0,5,1,1,2,2,0,2,3,1,2,0,0,0,0,0,3,2,0,3,2,1,4,1,2,0,1,2,2,4,0,2,2,2
"91",2,2,1,6,5,3,3,7,4,9,6,4,3,2,6,3,6,16,7,3,5,3,4,2,2,1,4,6,4,8,6,4,6,5,3,3,2,3,3,7,1,2,2,2,5,6,3,4,3,3,1,1,1,4,7,2,0,2,5,1,4,0,1,2,2,6,5,4,5,3,9,5
"92",2,1,2,3,1,3,2,10,1,3,5,2,3,3,9,2,3,7,3,1,3,0,2,3,3,1,2,7,2,7,5,4,9,0,0,2,4,2,2,0,2,1,2,1,2,4,5,0,2,0,0,1,3,2,5,3,1,0,1,2,4,1,3,0,1,2,1,1,1,3,11,4
"93",1,4,2,2,1,2,3,6,2,4,1,6,7,1,7,7,7,11,8,9,8,5,3,2,2,1,2,1,3,5,3,10,5,5,8,1,2,0,0,3,0,2,1,5,2,0,1,1,1,0,1,0,1,1,0,2,2,3,3,2,1,2,0,0,3,1,0,2,2,0,0,1
"94",1,3,1,1,2,1,3,0,9,9,11,7,7,5,4,2,3,2,4,7,3,5,3,2,4,3,7,3,6,3,3,4,2,3,2,1,2,1,1,2,2,3,1,1,5,3,3,0,1,0,0,1,2,2,2,4,0,1,4,5,1,1,3,2,2,8,3,2,2,0,2,0
"95",2,1,3,5,6,4,5,9,9,9,5,0,10,6,9,7,7,5,4,5,11,5,4,6,8,7,3,2,7,6,4,3,3,1,1,2,2,1,0,3,1,4,1,2,4,3,3,4,8,5,3,3,0,5,2,2,2,0,0,2,4,0,3,6,9,6,5,0,3,3,5,3
"96",2,0,2,0,1,0,0,1,5,3,2,5,5,2,4,2,1,4,1,1,3,3,2,2,1,3,2,2,3,1,3,2,1,3,4,2,3,3,2,0,1,1,1,1,1,3,0,3,0,0,1,2,3,0,0,0,0,1,0,2,2,1,3,2,1,2,2,0,2,0,1,1
"97",0,0,0,3,3,2,1,1,3,5,8,1,9,5,5,4,6,3,3,2,3,2,2,2,2,0,3,1,1,2,7,1,2,0,2,2,3,1,1,1,3,0,5,3,5,3,9,7,4,1,4,6,4,4,1,2,3,6,1,6,0,1,2,1,2,3,3,0,2,3,5,4
"98",2,4,5,2,3,1,3,3,5,4,11,3,5,3,11,2,4,4,3,1,7,4,2,5,1,2,5,2,3,3,3,3,7,7,4,10,9,6,1,4,7,3,10,12,2,6,5,6,0,1,2,2,4,2,2,0,0,3,2,3,3,0,4,2,2,1,0,1,3,1,2,2
"99",0,0,2,1,0,0,1,2,0,0,0,0,0,0,0,0,0,2,0,2,1,0,1,0,0,1,1,0,1,1,0,1,3,1,1,2,0,0,2,0,0,0,1,0,0,0,0,1,1,0,1,0,0,0,1,0,2,0,2,0,0,1,0,0,0,0,1,3,1,0,2,2
"100",2,1,6,0,3,4,4,3,6,7,4,1,2,3,4,3,5,14,8,6,3,5,3,3,5,2,2,1,0,2,3,3,2,4,2,4,1,0,2,3,3,1,1,2,1,3,2,4,4,1,2,5,1,1,1,6,6,2,2,3,3,2,0,0,0,1,0,3,4,6,2,4
"101",0,1,1,1,4,0,5,7,5,2,3,2,2,1,1,6,6,6,1,4,2,1,2,2,4,0,0,2,4,1,0,1,2,5,0,2,2,2,0,0,1,1,2,1,4,2,2,2,0,0,0,2,3,1,3,3,5,1,2,3,2,0,1,0,0,3,1,0,0,1,3,1
"102",1,0,0,0,0,1,1,0,1,1,1,1,2,0,0,0,0,0,0,0,0,1,1,0,0,0,1,0,0,0,2,1,0,1,0,1,0,0,1,2,0,0,0,1,3,1,0,0,0,0,0,1,0,0,1,0,2,0,0,0,0,0,0,0,0,0,0,1,0,0,0,0
"103",1,4,2,1,2,4,1,2,0,0,2,2,1,1,2,7,2,7,2,3,1,6,1,1,2,1,1,0,1,1,3,3,2,3,4,0,4,1,3,2,2,2,1,2,2,3,2,4,1,0,1,1,5,3,3,3,2,4,6,6,0,1,1,2,1,2,4,4,4,1,1,1
"104",2,2,2,0,0,1,0,4,2,4,1,0,0,1,2,1,0,0,4,3,1,0,1,2,2,3,2,1,2,3,7,1,1,1,7,1,3,1,1,0,4,1,1,3,0,3,2,0,3,1,1,1,3,1,0,2,3,1,1,0,1,2,1,0,3,2,0,2,1,1,0,0
"105",0,2,1,2,3,2,0,1,2,1,1,1,1,2,0,1,3,2,4,4,1,0,1,0,0,0,1,0,1,1,2,0,1,1,6,1,0,0,0,0,1,1,1,3,0,1,1,0,0,0,2,0,1,0,6,1,1,0,0,1,0,0,0,0,0,0,0,0,0,0,1,2
"106",4,1,1,0,8,4,2,2,5,5,1,0,0,0,1,2,1,1,2,0,0,2,2,1,0,3,0,0,0,2,1,3,3,1,4,2,0,0,0,2,0,1,1,2,3,4,1,0,0,0,0,3,2,0,0,0,0,1,0,0,0,0,1,0,3,0,3,0,1,0,1,0
"107",0,1,3,2,3,1,3,2,4,2,3,6,0,1,1,4,3,2,4,1,1,1,0,1,3,1,2,2,3,2,2,2,0,1,2,0,0,0,4,2,2,1,4,3,3,6,1,6,0,0,3,0,1,2,1,5,1,2,2,1,5,1,4,2,1,0,3,1,3,0,1,0
"108",2,1,3,3,1,2,1,0,1,1,2,0,3,0,1,1,3,3,1,4,2,0,4,1,2,0,3,0,0,1,2,0,0,6,2,2,1,0,3,3,3,2,1,3,1,2,0,0,0,1,0,0,0,1,2,1,1,1,2,2,0,2,2,2,1,1,3,2,3,1,1,0
"109",3,1,1,0,1,0,0,2,0,0,0,2,3,1,4,3,1,3,1,1,1,1,3,1,2,1,1,2,0,1,1,1,2,0,3,3,1,1,1,1,3,2,2,3,2,1,0,0,0,0,1,0,1,3,1,0,1,3,0,2,1,0,0,0,4,1,0,1,2,0,1,1
"110",0,1,1,0,0,1,0,3,1,3,0,0,0,0,1,0,1,0,0,0,0,2,1,0,0,0,0,3,0,0,1,0,0,1,2,2,0,1,2,1,1,2,0,1,2,0,0,2,0,0,0,2,2,0,1,1,1,1,2,0,0,0,0,0,1,0,2,2,1,1,0,1
"111",1,1,3,5,1,1,0,1,2,2,4,1,0,1,2,3,3,1,4,1,3,3,1,4,1,1,2,0,2,1,3,2,3,2,1,1,1,4,1,5,1,1,1,1,1,0,0,0,0,1,0,2,3,2,2,1,0,1,1,5,0,1,1,2,2,1,2,3,1,4,5,0
"112",1,1,0,5,0,0,2,2,1,2,0,1,0,0,0,1,1,9,0,1,2,2,1,1,1,2,1,1,0,0,1,0,0,0,2,2,0,1,1,0,0,1,7,3,3,2,0,1,1,1,0,0,1,0,0,1,1,1,1,1,0,0,1,1,0,1,0,1,2,3,1,1
"113",1,1,0,2,1,2,1,0,1,1,2,0,1,0,0,1,1,0,1,3,2,2,2,2,0,0,1,1,0,2,0,1,0,1,1,2,0,0,1,0,1,0,1,1,2,1,1,1,1,0,0,2,0,0,0,0,0,1,0,1,1,2,1,0,0,0,0,1,1,2,1,1
"114",1,0,1,4,0,0,0,0,1,1,0,0,1,0,2,0,0,4,3,0,0,2,2,0,0,1,1,0,0,1,1,1,0,0,2,1,3,1,0,1,0,0,0,0,2,0,0,0,0,0,0,1,0,0,1,0,2,0,0,0,0,0,0,0,0,0,0,0,0,0,0,2
"115",0,0,3,2,0,0,0,0,1,2,1,0,3,0,0,8,2,1,2,4,0,0,2,0,0,0,0,0,0,0,0,0,0,0,0,0,0,1,1,0,0,0,1,0,1,0,0,1,1,0,0,0,1,1,1,1,1,3,0,1,0,0,0,1,0,2,0,1,2,0,0,0
"116",0,0,4,1,0,0,0,4,1,2,4,1,1,1,2,2,1,2,1,1,3,1,3,0,2,1,0,1,0,3,1,1,1,0,0,2,0,0,0,2,0,1,2,3,5,8,2,3,0,0,0,1,2,1,1,0,0,2,1,1,1,1,0,1,0,1,1,0,0,4,1,2
"117",2,1,2,0,1,2,0,0,2,0,4,0,0,0,2,0,3,0,0,2,2,2,3,1,0,0,0,0,0,0,1,0,0,1,0,1,1,0,0,0,1,0,0,4,2,1,1,1,0,1,0,1,3,3,0,0,1,0,1,1,0,0,2,1,0,0,1,0,1,0,2,0
"118",2,1,1,1,2,0,3,0,0,0,2,0,2,0,1,1,2,1,0,1,1,0,1,0,0,1,0,0,2,1,0,0,0,0,0,1,0,0,2,0,1,2,0,3,1,0,0,0,1,0,1,0,1,1,1,2,0,1,1,1,0,0,2,1,0,2,0,1,0,1,0,0
"119",1,0,1,0,0,1,0,3,1,4,2,0,0,0,0,1,1,0,2,1,1,0,8,1,1,0,2,2,1,0,1,0,1,0,0,0,0,1,2,0,1,0,0,1,1,0,1,2,1,3,0,1,1,2,1,0,1,0,1,0,2,1,0,0,2,2,3,0,3,0,0,2
"120",0,0,0,6,3,1,0,0,2,2,3,0,0,0,2,0,1,0,1,1,2,0,0,0,0,0,0,2,1,0,1,0,1,1,0,0,1,0,0,0,0,1,1,0,3,3,0,0,1,0,0,0,0,1,1,0,0,0,0,1,0,0,0,3,0,1,0,0,0,0,0,0
"121",2,1,1,2,5,2,1,2,1,1,1,1,0,1,2,1,0,1,0,1,1,0,4,0,2,0,1,0,0,1,2,0,0,0,0,2,2,3,0,1,0,3,0,0,1,2,0,0,0,1,1,0,0,2,0,0,0,1,1,1,1,0,1,3,4,0,0,0,0,0,1,2
"122",1,1,1,3,0,0,2,3,0,2,0,4,0,0,1,1,1,1,1,0,1,1,1,2,1,0,0,1,0,0,1,1,0,0,0,0,0,0,0,1,0,0,1,0,2,2,1,1,1,0,0,0,1,0,0,0,0,0,0,0,0,0,1,2,2,1,1,0,0,0,0,0
"123",0,1,1,0,3,3,1,1,3,0,0,0,1,0,1,1,1,1,2,4,0,1,0,2,1,1,2,3,0,0,2,1,0,0,1,0,2,0,1,1,1,0,0,0,0,1,1,1,0,1,0,0,1,0,1,1,1,0,0,0,0,2,0,0,0,1,0,0,0,0,1,0
"124",0,1,0,1,0,0,1,1,0,3,0,0,0,0,0,1,0,2,0,1,2,0,0,1,0,0,0,1,2,0,0,1,0,1,0,0,1,0,1,0,0,1,1,1,3,0,1,0,2,0,0,0,0,1,1,2,0,0,0,1,1,0,1,0,0,1,0,0,1,0,0,0
"125",0,1,0,1,1,1,1,1,1,1,1,1,0,1,1,2,1,2,0,1,0,1,1,1,0,1,1,0,0,1,0,1,1,0,0,0,0,0,0,0,0,0,0,2,1,3,0,1,1,1,1,0,2,0,1,0,0,0,1,2,2,1,1,2,2,0,2,0,3,1,2,0
"126",1,2,0,1,0,1,2,1,0,0,2,3,3,2,4,4,2,1,1,1,0,1,1,1,1,1,4,1,4,1,3,0,1,1,1,1,2,1,3,2,3,0,3,5,0,1,1,1,0,0,1,1,3,1,1,1,0,0,0,0,0,0,1,1,1,0,1,0,2,0,2,2
"127",1,0,1,2,2,1,0,2,1,2,0,1,0,2,2,0,2,0,1,0,2,2,4,5,2,2,2,3,2,1,2,1,1,1,3,6,2,1,0,0,2,2,2,0,2,1,1,1,0,0,0,0,1,1,1,0,0,0,2,1,1,0,1,0,1,0,1,1,0,0,0,1
"128",1,0,3,0,0,0,2,1,2,0,0,2,1,1,2,1,1,2,0,3,4,1,1,1,3,0,1,0,1,0,0,0,0,0,2,1,1,0,0,1,0,1,4,0,0,2,1,0,0,4,0,2,0,0,0,0,0,2,1,0,2,0,0,0,1,0,0,0,0,0,0,0
"129",3,3,2,2,1,2,2,5,3,5,2,1,0,2,0,1,1,3,1,5,3,1,1,1,0,1,1,1,1,1,5,1,1,0,3,2,3,1,1,0,2,4,0,1,0,2,0,1,0,2,1,0,1,2,0,4,1,0,0,0,3,0,2,0,1,1,3,1,1,0,1,3
"130",0,1,0,0,0,1,0,0,1,0,1,2,0,1,0,0,0,2,1,0,2,0,0,0,0,2,0,0,2,0,1,1,0,1,1,0,3,1,0,1,0,3,2,1,1,1,0,0,0,0,0,0,0,0,0,0,0,2,0,0,2,0,2,0,0,1,0,2,0,0,0,1
"131",1,3,3,1,0,1,1,1,3,3,1,1,1,0,1,1,0,3,0,2,2,0,1,1,2,2,0,1,2,2,0,0,1,0,0,1,2,0,0,1,3,0,2,3,4,1,0,1,2,0,0,2,0,0,0,0,0,1,0,0,1,0,0,1,1,1,0,1,1,0,1,0
"132",0,2,1,0,0,0,1,1,4,1,2,1,0,1,1,1,0,1,1,2,0,1,0,1,0,0,0,0,1,1,1,0,1,0,1,2,1,0,1,2,5,0,2,0,0,2,0,0,1,1,0,1,0,0,1,0,0,0,0,1,0,0,0,0,0,2,2,0,0,0,0,1
"133",3,3,1,5,2,4,2,5,2,0,6,2,0,1,2,2,2,3,3,3,2,1,1,3,3,3,2,3,0,1,3,3,2,1,2,0,1,0,2,2,3,0,3,0,1,1,0,2,0,0,2,2,3,1,3,1,1,1,0,0,2,1,0,0,2,0,0,1,1,0,3,7
"134",1,0,1,1,1,1,0,0,1,3,1,1,0,1,1,0,2,3,1,1,0,0,3,1,0,1,4,1,0,0,0,0,3,2,3,1,1,0,0,0,1,1,2,1,0,2,0,0,0,0,0,0,0,0,1,0,1,0,0,1,0,0,0,0,0,0,1,0,0,0,0,1
"135",0,0,0,1,2,1,2,3,2,2,5,0,1,2,0,1,0,3,2,2,2,0,2,2,0,1,2,1,0,1,0,2,1,0,1,2,3,2,0,1,1,1,2,1,4,2,1,1,0,0,0,0,0,0,3,0,0,0,0,1,0,0,0,0,0,1,0,0,0,0,3,1
"136",1,1,0,3,2,4,2,2,3,1,3,3,1,0,2,5,2,1,3,1,2,3,3,1,3,0,1,5,3,2,6,1,2,2,1,1,5,0,3,1,2,1,1,0,0,1,3,2,0,0,0,0,0,2,0,0,2,0,0,0,1,1,0,0,0,1,0,0,0,2,0,1
"137",1,0,2,1,0,1,1,0,3,0,4,0,1,0,1,2,1,1,1,2,1,3,3,2,5,1,1,3,3,2,2,1,2,2,3,1,0,3,0,0,0,1,1,1,4,0,1,1,0,0,0,0,0,0,0,0,2,1,3,0,0,0,0,1,0,1,0,2,0,0,0,1
"138",1,0,0,1,2,2,3,3,0,1,2,3,1,3,1,0,4,4,3,4,3,2,2,3,2,2,0,3,2,1,1,4,2,1,3,2,2,1,1,2,2,1,1,1,2,3,1,3,1,0,0,0,2,2,1,2,0,1,0,0,1,1,1,0,2,1,2,1,0,2,0,1
"139",3,4,2,4,3,3,3,5,1,5,3,1,1,0,0,2,3,0,1,4,2,1,0,4,4,3,0,0,1,1,4,0,2,2,3,1,0,0,3,2,4,2,1,5,2,5,2,0,1,1,0,2,0,0,4,1,2,0,1,1,0,0,1,1,0,1,1,2,1,0,1,1
"140",1,1,3,4,5,3,0,3,0,2,5,1,2,2,0,1,1,1,3,1,2,1,1,5,0,4,2,0,1,5,3,1,6,3,5,1,2,0,0,0,0,1,6,7,1,2,6,1,0,0,1,0,0,1,1,1,1,0,0,0,0,0,0,2,1,1,1,0,1,5,1,2
"141",0,1,0,0,1,0,1,0,1,1,3,1,1,3,0,0,2,1,1,1,0,1,2,0,1,0,2,1,0,0,1,2,2,0,1,1,0,1,0,2,0,1,1,0,2,0,1,0,0,0,0,0,0,1,1,2,1,0,1,1,1,0,0,0,0,1,0,1,0,0,1,1
"142",4,1,3,2,2,0,0,2,8,10,1,0,1,1,1,1,4,1,2,3,5,3,2,1,2,2,3,1,3,3,2,2,3,4,0,1,1,3,4,1,2,8,6,1,4,1,3,1,1,0,1,3,0,0,2,2,2,1,3,1,1,3,0,1,0,0,2,2,2,2,3,9
"143",2,1,0,4,0,3,6,2,2,0,3,1,1,0,3,5,1,1,0,4,2,2,3,4,1,0,1,4,2,6,3,0,1,3,0,2,1,1,3,2,0,2,3,1,3,3,0,0,1,1,1,0,1,2,2,2,2,1,0,3,0,1,1,6,2,2,0,1,0,3,2,5
"144",2,0,0,1,5,1,3,1,3,2,2,3,2,3,1,0,1,1,1,2,1,1,3,2,2,1,2,2,3,4,1,1,0,0,0,1,2,2,0,0,0,5,0,2,1,0,0,0,0,0,0,1,0,0,1,0,0,1,1,0,0,0,0,0,0,0,4,3,2,0,3,2
"145",2,0,1,1,2,1,4,0,0,2,0,1,0,1,0,1,3,3,2,1,1,0,0,1,3,0,0,1,1,2,0,0,2,2,1,2,3,1,2,3,1,2,2,1,0,10,1,0,0,0,1,0,1,0,2,0,2,1,1,0,0,0,0,1,1,1,0,0,0,1,0,1
"146",3,2,1,1,3,0,1,1,0,0,1,0,1,2,1,2,0,2,0,2,2,0,3,5,4,0,1,3,2,1,1,2,2,2,1,1,0,0,0,0,4,1,0,1,1,0,2,1,0,0,0,2,0,0,2,1,0,1,0,0,0,0,2,0,0,0,1,0,1,0,0,0
"147",0,2,2,2,0,0,0,0,1,0,0,2,1,0,0,1,4,3,1,0,0,1,1,0,1,1,1,0,1,2,1,2,1,1,1,1,2,1,0,1,0,1,1,3,1,1,1,2,2,0,1,1,0,1,2,1,0,1,1,0,1,0,2,1,0,2,1,1,0,0,0,1
"148",0,0,1,0,0,0,1,2,1,3,1,0,0,0,0,3,0,4,0,1,1,0,0,0,0,0,0,0,0,1,1,0,0,1,2,0,0,0,1,1,3,1,3,1,1,1,1,2,1,1,0,1,1,1,0,0,1,3,0,1,0,0,0,1,1,1,2,2,4,0,2,2
"149",3,0,2,2,6,3,2,5,3,2,3,0,1,1,0,2,2,3,2,2,5,1,2,1,0,1,1,2,2,1,1,1,3,3,0,1,0,0,0,2,1,5,4,1,3,1,1,1,1,0,1,1,1,0,1,1,2,1,0,0,1,0,0,1,0,0,1,0,1,1,2,2
"150",1,1,0,0,1,1,1,2,2,3,1,1,1,0,1,3,5,3,2,0,1,0,1,0,2,1,1,0,1,2,6,2,0,1,1,0,0,1,0,0,7,1,1,3,2,0,0,0,0,0,1,0,1,0,0,0,0,3,0,0,1,0,2,0,0,2,1,1,0,0,0,2
"151",0,0,0,0,0,0,1,3,1,2,1,2,1,0,0,3,1,0,4,1,5,4,1,0,0,0,0,0,2,2,1,0,1,1,0,0,1,0,1,2,1,3,0,2,0,2,1,0,0,1,1,0,0,0,1,0,0,0,0,1,1,1,0,0,0,1,0,0,0,0,0,1
"152",1,0,3,1,0,1,2,2,0,3,2,0,0,0,2,1,5,4,2,0,3,0,1,2,0,2,2,0,3,3,5,2,1,1,1,0,2,1,0,2,2,1,1,1,1,1,0,0,0,1,0,1,0,2,3,0,2,0,0,0,0,0,0,1,0,0,0,0,0,1,0,0
"153",4,0,0,3,2,3,0,3,3,2,1,3,0,3,2,4,1,0,2,1,0,2,3,0,3,1,0,1,2,0,2,0,5,0,3,1,2,0,0,0,0,1,1,3,1,0,0,3,3,0,1,0,2,1,1,1,1,1,2,2,0,0,1,2,0,2,3,2,0,1,2,1
"154",2,2,0,0,7,9,5,1,3,4,6,6,9,3,2,1,0,2,1,0,8,4,4,6,0,1,0,0,4,2,3,2,2,3,1,8,1,2,1,0,0,1,2,5,5,4,3,3,1,2,2,1,2,2,1,3,0,1,1,1,0,1,0,4,0,1,2,0,0,1,0,3
"155",2,1,1,1,0,0,4,1,4,7,3,0,0,0,3,3,1,2,5,1,5,1,10,4,4,2,2,2,3,1,7,10,3,6,1,5,3,3,3,3,4,6,6,4,2,3,2,3,2,2,1,1,3,2,0,2,0,0,1,2,0,1,0,3,0,0,1,2,1,0,2,0
"156",1,0,1,1,1,6,0,0,2,3,2,2,2,2,1,0,2,0,3,4,3,1,1,2,2,1,1,1,1,3,2,13,5,4,3,2,3,1,4,2,1,1,0,2,0,0,0,2,0,1,1,1,1,0,0,1,0,1,1,2,1,0,0,0,1,0,3,2,0,1,0,1
"157",0,4,2,0,1,2,0,1,3,3,2,3,2,1,1,0,1,2,1,2,0,3,2,1,0,1,2,0,0,2,0,1,0,2,0,0,1,0,0,1,0,0,4,0,2,0,0,0,1,0,0,0,1,0,2,1,1,0,1,1,0,1,2,1,0,0,0,0,0,0,0,1
"158",1,4,1,3,2,3,0,5,2,2,2,0,1,1,1,3,4,2,4,0,4,3,0,1,2,0,1,1,0,1,3,2,0,1,0,3,0,0,0,0,0,1,0,1,1,0,1,4,2,0,1,1,0,0,0,0,1,2,2,0,0,0,0,0,1,1,1,2,0,3,4,1
"159",1,1,1,3,1,0,0,2,0,0,1,0,0,0,0,0,1,0,0,0,2,0,0,1,0,1,0,2,2,0,1,2,0,0,1,0,0,0,0,0,0,0,0,0,0,0,0,0,0,1,0,0,0,0,2,0,0,0,0,0,1,1,0,0,0,0,1,0,0,0,1,0
"160",0,0,2,1,1,1,1,2,1,3,2,2,0,0,0,0,0,2,3,0,0,0,1,0,0,0,0,1,0,0,2,0,0,0,1,0,0,0,2,1,0,3,0,0,1,2,0,0,0,0,0,0,0,1,0,0,0,1,1,1,3,0,0,4,1,1,0,2,0,1,1,1
"161",1,0,0,0,1,0,1,5,0,1,1,1,1,0,0,1,0,0,0,2,0,0,0,0,1,2,0,0,3,1,3,0,0,0,0,4,0,0,0,2,0,0,5,1,1,0,0,1,0,1,0,0,0,0,0,1,0,2,0,0,1,0,0,2,0,0,0,0,2,0,2,0
"162",1,0,3,0,3,1,2,1,0,1,1,0,2,1,0,0,0,0,2,3,3,3,0,2,0,0,0,0,0,0,0,2,2,0,2,0,1,0,0,1,0,0,1,0,0,0,0,0,0,0,0,2,0,1,1,0,0,1,0,1,0,0,0,0,0,0,1,0,0,0,0,0
"163",1,0,0,0,2,1,0,0,0,1,3,1,0,1,0,2,0,0,0,1,0,5,0,2,0,0,1,0,0,0,2,1,0,2,0,0,1,0,1,0,0,0,1,1,0,0,0,0,0,0,1,0,0,0,2,0,1,0,0,0,0,0,1,1,0,0,0,0,0,0,1,0
"164",0,0,0,1,2,2,0,1,0,0,1,0,1,1,1,2,1,2,4,4,1,0,1,2,3,0,0,0,0,0,3,0,0,0,0,0,0,0,0,1,0,0,1,1,0,0,0,0,1,0,0,0,0,0,0,0,0,0,0,0,0,0,0,0,0,1,2,0,0,0,0,0
"165",2,0,1,0,6,2,0,0,2,3,3,1,0,1,2,1,6,1,3,9,1,4,1,0,0,0,1,0,1,0,0,2,0,1,1,3,1,0,1,0,0,0,1,0,2,0,0,1,0,0,2,0,2,0,1,2,0,0,0,1,1,1,1,0,0,1,0,0,0,1,0,1
"166",1,2,1,3,2,1,3,2,0,4,3,6,2,2,2,1,7,7,5,4,2,7,0,1,1,1,1,0,1,2,0,0,0,1,0,0,0,0,0,0,1,0,1,0,0,0,1,0,0,0,1,0,0,0,0,0,0,0,1,2,0,1,0,0,1,1,1,0,0,1,0,0
"167",0,1,0,0,1,0,1,0,0,1,0,3,2,0,3,1,2,0,0,2,4,2,1,1,2,0,0,0,1,0,0,0,1,1,3,3,0,0,1,0,0,0,0,0,0,0,0,0,0,0,0,0,1,0,0,0,0,1,0,0,0,0,0,1,0,1,2,0,0,0,0,0
"168",0,1,0,2,1,1,4,1,1,1,1,1,0,1,0,2,1,1,0,2,2,0,2,0,0,1,1,0,1,1,1,0,0,1,0,0,2,0,2,0,0,1,0,2,0,0,0,0,0,0,0,0,0,0,0,0,1,1,0,0,0,0,0,0,1,0,0,0,1,0,2,0
"169",2,1,2,0,1,0,3,1,1,0,1,1,0,0,1,0,0,2,0,1,1,1,1,1,1,2,1,0,0,0,2,1,0,0,2,1,3,1,1,0,0,0,0,1,0,0,0,3,0,0,0,1,0,0,0,0,0,2,0,1,0,0,0,0,0,0,0,1,0,1,1,0
"170",0,1,1,1,3,0,0,1,1,2,2,0,0,0,0,0,0,1,0,3,0,3,2,4,0,1,0,1,2,1,0,3,2,1,0,2,1,1,1,0,3,0,0,1,0,1,2,2,0,0,0,0,0,0,0,0,1,0,0,0,0,0,0,0,0,1,3,0,3,1,0,1
"171",2,0,2,0,2,0,0,2,0,1,1,1,3,1,1,2,0,0,0,0,2,3,3,1,3,2,3,2,1,1,2,0,1,0,0,0,1,1,0,1,0,2,0,0,1,1,1,0,1,0,0,0,1,2,1,0,0,0,1,1,0,0,0,0,0,0,1,0,0,0,0,1
"172",1,1,2,2,4,1,0,2,4,2,3,1,1,0,1,0,0,5,0,4,6,2,1,1,1,3,1,2,0,1,2,0,1,2,2,1,1,1,0,2,2,2,1,1,1,1,0,1,0,0,0,2,1,1,0,1,1,0,3,0,0,1,0,0,0,1,1,0,2,0,2,1
"173",0,1,2,2,0,1,2,1,0,0,1,0,3,0,3,2,2,0,0,1,2,0,0,0,0,2,1,0,2,0,0,0,1,1,0,1,1,1,0,0,0,1,1,1,1,1,1,0,0,0,1,2,0,0,1,1,0,0,1,2,1,1,0,2,0,0,2,1,0,2,1,3
"174",1,1,3,4,5,4,2,0,3,2,0,0,0,0,2,0,2,1,3,4,3,4,1,0,2,0,0,0,0,0,0,1,0,0,0,0,0,0,0,0,3,3,0,2,3,0,0,2,1,1,0,2,0,0,2,1,3,2,0,0,0,0,0,1,0,0,1,1,0,1,0,4
"175",1,1,2,0,3,1,2,0,2,1,1,1,1,0,0,2,2,1,1,0,0,0,3,2,0,1,1,0,1,1,1,2,0,0,0,1,0,0,0,0,1,2,0,1,2,2,1,2,0,2,0,0,0,0,2,0,1,0,0,1,2,0,0,1,1,0,0,1,2,0,1,2
"176",1,1,0,1,0,2,1,0,0,0,0,0,0,1,1,0,1,2,0,0,0,1,3,3,1,1,0,0,1,0,1,0,2,2,2,2,2,0,0,1,0,2,0,0,0,1,0,2,0,1,0,0,1,0,2,0,0,0,0,1,1,1,1,2,0,0,1,1,1,0,0,1
"177",3,1,3,6,5,2,3,1,1,3,0,1,0,1,2,2,0,2,0,1,2,1,1,1,1,0,0,2,1,0,0,0,0,1,1,1,0,0,0,1,1,3,2,0,2,2,5,0,0,1,0,1,0,0,1,1,0,0,1,1,2,2,3,1,2,3,2,3,0,1,0,3
"178",2,2,2,3,0,1,1,3,0,1,3,1,0,0,0,2,2,1,0,2,3,1,4,3,0,2,5,1,1,1,0,0,0,2,0,2,1,0,0,0,0,0,0,0,2,2,5,2,3,0,2,2,1,2,1,2,0,1,2,0,0,1,1,3,1,2,0,0,1,1,0,3
"179",1,1,0,0,2,0,0,1,1,1,0,0,2,1,1,1,0,1,0,2,2,1,0,0,1,0,1,0,1,1,0,1,0,0,0,1,0,1,0,0,0,1,0,0,1,1,0,0,0,0,3,0,0,0,0,0,0,1,0,0,0,0,0,1,0,3,0,1,1,1,0,0
"180",2,0,0,2,0,1,1,3,0,1,2,1,1,2,1,1,0,0,1,1,0,1,2,1,1,2,1,0,2,0,2,0,0,0,2,1,1,0,1,1,0,0,0,1,0,0,0,0,0,0,1,1,0,1,0,0,0,0,0,0,1,0,0,0,0,0,1,0,0,2,1,1
"181",2,1,1,1,2,1,2,5,3,2,3,3,3,3,2,0,3,2,0,3,3,0,2,3,2,0,0,1,0,0,0,0,0,3,0,2,2,1,2,1,1,3,0,1,1,1,2,0,0,0,0,0,0,0,0,0,0,1,0,1,0,0,1,1,0,0,2,1,2,0,1,0
"182",2,4,1,4,0,3,2,1,1,3,3,1,0,1,1,0,1,0,0,0,2,1,4,1,4,2,3,3,0,0,1,0,2,3,0,0,1,0,0,1,1,0,0,0,0,2,1,1,4,0,1,0,0,1,2,0,0,1,0,0,1,0,1,1,0,0,0,0,0,0,0,1
"183",0,0,1,3,3,0,3,0,1,1,1,3,2,0,1,0,1,1,0,2,0,1,3,3,2,2,2,0,1,1,2,0,2,0,0,1,0,0,2,0,0,0,2,0,2,1,1,2,2,1,0,4,2,1,0,1,1,1,0,0,3,0,4,0,1,1,2,1,0,0,0,1
"184",0,1,2,0,1,0,3,2,4,1,0,1,0,1,0,0,1,0,1,0,2,3,1,1,2,0,1,0,1,0,2,0,1,0,1,1,1,1,0,1,0,0,0,1,1,0,2,0,0,0,0,0,2,2,0,0,1,0,1,1,0,1,2,2,0,0,2,1,1,1,0,0
"185",0,1,1,3,1,1,1,0,0,0,0,1,1,0,1,0,1,1,0,0,4,2,5,0,1,0,1,0,0,1,1,1,0,0,1,1,0,0,0,0,1,1,0,0,0,1,0,0,0,0,0,1,1,0,1,0,0,0,0,2,2,1,2,0,0,0,1,1,0,2,0,2
"186",1,1,0,1,0,1,1,1,0,1,0,0,0,0,1,2,1,0,0,2,0,0,2,2,0,1,0,2,0,0,1,0,1,2,0,1,0,1,0,0,1,0,1,1,1,1,2,1,0,0,0,0,0,0,0,2,2,2,0,0,0,0,0,0,3,1,1,0,0,2,0,0
"187",3,2,2,2,1,4,2,1,3,1,3,3,0,2,1,1,0,4,2,2,3,2,2,5,2,0,3,3,1,0,2,1,1,1,4,2,1,0,2,4,7,0,2,2,1,0,0,2,2,4,4,2,4,3,2,7,1,1,1,3,3,4,1,0,0,2,1,8,3,2,3,1
"188",4,3,1,2,1,4,2,3,3,8,3,3,2,2,2,3,4,3,1,5,4,3,4,6,1,1,0,1,1,1,6,0,0,1,6,5,1,3,0,1,1,0,3,5,1,0,1,1,0,2,0,0,1,0,2,2,1,0,0,1,1,0,1,1,1,1,1,0,1,2,1,5
"189",3,2,1,2,3,6,2,4,1,1,2,1,2,4,3,2,2,2,0,1,3,6,11,3,1,0,0,0,0,3,4,1,3,4,2,5,5,3,1,4,2,1,1,0,1,2,2,1,1,2,1,1,0,0,2,2,2,2,1,2,3,2,1,0,0,1,1,4,1,0,0,1
"190",0,0,0,1,1,2,0,1,1,1,3,2,0,1,0,2,2,1,1,2,0,1,1,1,0,0,1,2,2,0,4,1,3,1,1,0,1,0,0,0,1,0,0,0,1,4,0,3,3,2,1,0,0,0,0,0,0,0,1,3,1,0,2,2,2,0,2,2,0,0,0,0
"191",3,2,1,3,4,1,5,1,2,5,6,2,1,2,0,1,1,5,3,3,6,7,4,7,2,0,1,1,1,8,7,2,5,5,7,4,3,1,2,2,1,1,1,5,3,2,2,3,0,2,0,1,3,2,4,0,3,3,3,3,2,2,3,1,1,0,0,3,1,0,1,3
"192",3,1,2,2,0,1,0,0,0,2,2,1,0,0,0,0,2,1,1,0,3,3,1,5,0,1,1,1,7,3,1,1,1,2,4,2,0,0,0,0,0,1,1,1,0,2,4,4,0,1,1,1,0,2,2,1,1,5,2,4,6,2,4,0,1,0,0,3,0,2,0,1
"193",1,0,1,1,3,1,0,1,2,3,2,0,0,2,2,1,1,2,0,0,1,1,2,3,1,0,1,2,1,0,0,0,1,0,0,0,1,0,0,0,1,0,0,1,3,2,1,2,2,2,0,0,1,0,0,0,1,0,2,2,1,5,1,1,0,1,0,2,1,0,0,3
"194",0,0,1,1,0,0,1,2,0,0,1,0,0,1,1,0,0,1,1,3,2,2,0,2,1,1,2,1,1,1,2,1,3,1,3,1,0,0,0,0,1,1,0,2,2,1,1,1,1,1,2,0,1,0,1,1,2,0,1,1,0,0,0,1,0,0,0,0,1,0,0,1
"195",2,1,2,4,2,3,3,7,1,1,3,2,2,1,1,1,1,1,3,5,0,1,5,1,4,0,0,1,2,3,0,1,1,2,2,2,3,0,1,2,4,2,14,0,3,3,0,0,1,2,1,2,2,0,0,3,1,1,1,1,1,2,0,0,0,1,2,0,1,0,0,1
"196",0,0,0,1,1,1,3,1,1,1,0,2,0,0,1,0,5,4,1,0,1,1,1,3,3,0,1,1,1,1,5,2,1,2,0,1,0,0,0,0,0,0,0,2,1,2,0,1,1,1,0,2,1,0,0,0,1,1,0,0,0,0,0,0,0,0,1,0,0,0,1,0
"197",3,1,5,3,2,1,4,2,0,1,2,2,7,2,1,3,0,5,5,8,6,4,2,5,3,0,1,3,2,2,3,1,1,0,0,2,1,1,1,2,4,0,6,4,6,7,4,1,1,0,3,0,1,3,1,1,3,2,1,1,4,0,0,0,1,1,3,4,1,3,1,1
"198",4,1,1,4,1,4,4,6,3,6,2,2,2,0,1,3,5,2,3,7,5,5,4,6,1,2,1,2,1,3,6,1,2,3,4,3,6,1,5,2,8,8,6,2,2,0,4,4,0,1,3,1,3,1,4,2,3,4,2,0,1,2,4,3,3,2,3,5,3,5,2,0
"199",0,2,0,0,0,0,1,1,1,1,0,1,1,0,0,1,0,1,2,1,2,4,1,0,1,1,0,0,1,0,0,0,0,1,1,0,1,0,1,0,0,0,0,1,0,2,0,0,0,0,0,0,0,1,2,0,0,0,0,0,1,0,0,0,1,2,1,0,0,0,0,0
"200",3,1,2,0,0,0,0,0,0,2,2,1,0,2,0,0,3,3,1,0,1,3,2,0,2,1,0,0,2,2,1,0,1,0,0,0,0,0,1,1,0,0,1,1,0,0,0,0,0,1,0,1,1,0,1,1,0,0,0,0,0,0,0,0,2,1,0,0,1,1,0,1
"201",4,2,2,0,0,2,0,2,2,3,1,0,1,0,0,3,1,1,2,3,5,4,1,0,0,2,1,1,0,1,0,0,0,1,0,2,1,0,0,0,0,0,0,1,0,0,0,1,0,0,0,1,1,0,1,0,0,1,1,1,1,0,0,0,0,1,1,0,0,0,1,0
"202",0,2,2,0,1,0,3,3,5,3,3,2,2,1,2,2,2,5,3,2,1,8,4,1,0,0,3,0,1,1,0,2,1,0,0,1,0,1,1,0,3,0,0,1,0,2,1,1,0,1,0,0,0,0,0,2,2,1,0,0,0,0,0,1,1,1,0,1,1,3,1,2
"203",0,1,0,1,1,2,0,4,2,6,6,2,2,3,1,0,4,6,4,3,3,4,2,4,1,0,3,1,1,4,0,0,0,0,2,3,2,1,0,1,1,0,0,0,0,0,1,2,0,0,1,0,1,0,1,0,0,0,0,0,1,0,0,2,0,2,0,2,0,0,0,1
"204",3,1,1,1,1,0,1,1,4,2,3,0,2,0,3,1,0,2,2,0,3,1,2,3,3,0,1,1,3,1,2,1,0,0,0,1,1,0,0,0,2,2,2,1,3,4,5,3,0,0,2,1,0,0,1,2,0,0,1,0,0,0,1,0,0,0,1,0,1,0,0,1
"205",0,0,1,1,1,0,4,2,2,0,2,2,0,0,1,0,2,0,1,0,2,1,1,0,0,0,0,0,1,1,0,0,0,0,0,0,0,0,1,0,0,0,0,4,2,3,2,1,0,1,3,0,0,0,0,0,1,0,1,0,1,0,2,0,0,0,1,0,0,0,0,0
"206",0,1,3,2,1,0,0,0,5,0,1,0,1,0,1,0,0,0,2,1,0,2,0,1,2,0,1,0,1,1,0,1,0,0,0,0,0,0,1,1,1,0,0,0,1,0,1,0,0,0,0,0,0,0,0,0,0,0,1,2,0,0,1,0,1,1,0,2,1,0,0,1
"207",0,1,1,0,5,2,0,1,2,3,2,2,3,1,2,1,1,2,1,4,3,3,1,0,1,2,1,4,2,5,4,3,1,1,0,0,0,0,0,2,0,1,1,0,3,0,0,1,0,0,2,1,0,0,1,1,0,0,1,1,0,0,1,0,0,0,1,0,0,0,0,0
"208",2,2,1,0,0,0,0,1,2,2,4,2,2,0,1,0,0,0,2,0,2,3,0,1,1,0,1,1,1,0,3,1,1,2,2,1,0,2,1,1,4,1,2,0,0,0,1,0,0,0,1,0,2,1,0,1,0,0,1,0,0,0,0,1,0,1,0,0,1,0,1,1
"209",0,0,0,0,0,0,2,4,0,2,3,0,1,1,1,0,0,0,3,2,0,3,2,0,1,0,1,0,2,2,1,0,1,0,0,2,0,1,1,0,1,1,3,1,0,4,1,0,1,1,0,2,1,0,0,1,0,2,0,0,0,0,1,2,1,1,1,0,1,0,0,0
"210",0,0,1,1,1,1,1,2,2,1,2,8,2,0,0,0,2,2,5,2,4,3,3,1,1,0,0,0,0,4,3,0,1,0,0,1,0,0,1,2,3,2,1,1,0,0,2,2,0,0,1,2,1,1,0,0,1,0,1,1,0,0,1,0,0,0,0,1,1,2,0,0
"211",0,1,0,1,1,0,1,0,1,2,0,2,1,0,1,2,0,2,2,0,0,2,2,1,0,2,2,0,0,3,1,1,0,2,1,1,1,1,2,1,0,1,1,1,0,0,1,0,0,0,1,4,2,2,1,0,1,0,0,1,0,1,2,0,0,2,0,1,0,0,0,0
"212",1,1,5,2,0,0,5,0,2,6,5,1,0,0,2,4,3,3,3,1,3,4,4,4,2,3,6,0,2,1,2,4,4,2,1,2,2,0,0,4,9,0,0,2,0,1,0,1,0,2,1,1,0,2,1,1,2,0,1,1,2,0,0,1,2,1,0,1,3,1,3,2
"213",2,0,3,3,5,1,3,1,3,1,1,1,1,1,3,3,1,0,2,1,6,4,8,8,2,2,0,6,3,4,4,3,2,3,3,2,1,0,1,7,3,0,0,1,2,1,0,0,2,3,0,0,0,3,0,0,1,2,0,2,1,0,2,0,2,0,1,4,0,1,1,3
"214",0,0,0,1,0,2,1,2,1,0,1,0,0,0,0,0,1,0,0,1,0,0,0,0,0,1,0,0,0,1,1,0,0,0,0,0,1,0,0,0,0,0,0,1,0,0,2,0,0,0,0,0,1,0,1,1,0,0,2,1,0,0,0,1,0,0,1,1,0,0,0,0
"215",2,3,1,0,1,2,1,3,1,1,0,0,0,0,0,0,0,0,0,0,0,0,0,0,0,0,1,0,0,0,0,0,0,0,0,0,0,0,0,1,0,0,0,0,1,1,0,0,0,0,0,1,0,0,0,0,0,1,0,1,0,0,0,0,0,1,0,0,1,1,0,0
"216",0,2,1,2,1,1,1,6,0,3,1,1,1,0,0,2,1,0,1,0,1,2,1,0,0,0,0,0,0,1,0,1,0,1,0,1,1,1,0,0,0,0,0,0,1,0,1,0,1,0,1,0,1,1,0,0,1,0,0,1,1,0,0,0,0,0,0,0,0,0,0,0
"217",1,0,1,0,2,1,0,1,0,2,0,0,1,0,0,1,5,1,2,0,4,1,9,2,0,0,6,2,1,0,2,1,3,0,1,0,1,1,0,3,0,0,0,0,0,0,0,0,1,0,1,0,0,0,0,0,1,0,0,0,0,0,0,0,0,0,1,2,0,0,0,0
"218",1,0,2,2,1,2,3,0,1,1,2,2,3,0,1,4,1,2,0,1,2,2,0,8,3,2,3,0,0,0,2,2,0,2,1,0,1,0,1,1,1,3,0,1,0,2,2,1,1,0,0,0,3,0,2,0,0,1,4,0,1,1,0,2,2,1,0,2,0,0,0,1
"219",0,2,0,2,2,0,2,4,2,2,1,0,2,0,1,0,0,0,1,3,0,4,0,5,0,0,0,1,1,0,1,0,2,0,0,0,2,0,0,1,0,1,1,3,1,0,1,1,1,1,0,0,0,1,1,0,0,0,0,0,0,0,1,0,0,0,2,0,0,0,1,0
"220",0,4,2,0,1,0,3,0,3,3,4,1,1,0,1,1,2,1,1,2,0,3,0,4,4,2,0,1,0,0,0,0,2,1,0,1,0,0,0,0,0,0,0,0,1,4,2,2,2,1,0,0,2,2,2,2,2,1,2,2,0,0,0,0,0,0,0,0,0,0,2,1
"221",0,0,2,4,1,2,3,1,1,3,0,3,1,1,2,0,1,0,2,0,2,1,2,4,1,0,0,1,0,1,0,1,0,0,0,0,0,0,1,0,0,0,0,2,1,3,5,0,1,0,0,1,0,1,3,4,1,0,1,0,1,0,0,1,1,2,1,0,0,0,3,0
"222",1,1,0,2,1,8,4,0,3,1,2,2,1,3,1,0,2,0,1,2,2,5,5,3,3,2,5,1,1,3,1,0,0,1,0,0,4,0,0,2,1,1,4,2,5,0,1,1,1,0,0,4,2,0,1,0,1,0,1,2,1,1,2,2,0,1,1,3,0,2,0,1
"223",8,2,1,2,1,6,0,2,1,1,6,4,0,0,2,1,3,5,0,3,1,5,3,4,6,3,4,6,4,2,2,2,1,2,2,4,5,3,0,1,1,1,0,1,2,2,1,2,2,0,2,1,3,1,0,2,1,0,0,1,0,0,0,0,1,1,3,0,2,2,2,0
"224",0,1,0,0,0,1,2,2,0,1,0,0,0,1,0,0,0,0,1,1,0,1,0,1,3,1,0,0,0,0,0,1,1,0,0,0,0,1,0,0,1,2,0,1,0,2,0,0,0,0,0,0,0,0,0,1,1,0,0,0,0,0,0,0,0,0,0,0,2,1,0,1
"225",3,0,2,0,7,8,4,7,2,5,2,5,0,1,3,0,1,1,2,1,2,4,6,2,4,4,4,1,1,1,1,1,1,1,1,2,0,0,1,0,0,3,1,3,3,7,3,4,4,0,0,3,2,3,1,3,1,2,2,1,0,1,0,1,0,1,6,1,9,1,0,2
"226",1,3,3,4,2,2,1,1,1,1,0,0,1,0,4,1,1,0,0,0,2,5,0,1,0,0,2,1,1,1,0,5,1,4,2,1,1,0,5,2,5,0,2,1,1,1,2,1,1,1,0,1,0,1,1,0,0,2,2,0,1,0,0,2,0,2,0,1,0,1,0,1
"227",4,1,0,1,0,1,1,7,3,0,3,2,5,7,1,1,2,1,5,2,3,1,0,0,0,2,2,1,1,2,3,5,6,3,3,3,2,0,2,1,3,0,2,3,1,2,3,2,1,2,1,0,1,0,1,0,1,0,0,0,2,1,1,0,1,1,1,1,0,2,0,1
"228",0,0,1,0,2,1,1,2,0,3,3,1,2,4,2,0,2,0,1,1,0,0,0,0,1,2,0,1,1,0,2,4,6,0,2,2,4,0,1,2,1,1,2,1,2,1,4,2,0,0,2,1,0,1,1,1,0,1,1,1,2,0,0,2,0,0,0,1,0,2,0,0
"229",0,2,1,0,0,0,0,0,2,0,1,1,0,3,1,1,1,0,0,5,1,1,0,2,2,1,2,1,0,1,1,4,1,1,0,0,2,2,3,2,0,0,0,0,0,1,1,0,0,0,0,0,0,1,0,0,1,0,2,1,0,0,0,0,0,0,0,1,0,0,0,1
"230",0,0,4,3,4,2,3,5,2,7,3,1,6,1,1,4,4,1,0,2,3,1,1,1,3,3,2,3,1,1,2,2,1,4,1,3,2,1,0,1,3,2,3,1,4,5,2,5,2,1,1,0,0,1,2,1,4,0,0,0,0,4,0,0,2,0,2,1,2,1,0,0
"231",2,1,4,2,5,1,2,5,3,3,4,0,4,1,3,2,1,4,0,6,5,1,3,3,3,2,0,4,1,3,2,3,3,1,3,3,2,4,4,0,1,4,5,8,2,4,6,2,1,3,1,0,1,2,1,0,1,1,1,2,2,1,0,0,1,0,2,1,0,2,1,0
"232",1,2,5,5,6,6,0,6,4,0,1,2,2,2,2,1,2,5,1,2,5,2,0,3,2,0,0,1,3,3,0,1,1,2,0,1,3,1,1,1,2,2,0,1,0,0,0,1,0,1,0,0,2,0,0,0,0,1,0,3,1,2,2,1,2,0,0,1,1,2,0,1
"233",0,0,0,3,3,4,0,1,3,0,0,1,0,1,0,1,4,2,0,2,3,2,2,3,0,0,0,0,1,0,0,0,5,1,0,1,0,1,0,0,1,1,1,0,0,0,0,2,0,0,0,0,1,2,2,0,0,1,0,1,0,0,0,0,0,0,0,1,0,0,1,0
"234",0,1,0,1,0,0,1,0,0,0,1,1,1,1,2,0,1,1,2,0,0,1,0,0,0,0,2,0,1,0,2,1,0,1,0,0,1,0,0,0,0,0,1,1,0,1,1,2,2,0,0,0,0,0,0,0,0,0,1,0,1,0,0,0,1,1,0,0,1,1,0,0
"235",0,0,0,0,0,1,0,0,2,1,3,3,2,0,0,2,1,0,1,1,2,0,0,1,1,1,0,0,0,0,0,0,1,2,3,0,1,0,0,0,0,1,1,1,2,0,1,0,0,2,1,0,2,1,1,0,0,0,0,0,0,0,0,0,0,1,1,1,1,0,0,0
"236",1,1,0,0,0,0,1,0,0,1,1,0,0,0,0,1,2,3,0,2,1,3,1,1,0,1,1,0,0,1,0,1,1,2,0,0,0,0,0,0,0,2,4,1,3,0,1,0,1,0,1,2,0,1,1,0,5,0,1,1,2,0,0,1,0,0,0,0,0,0,2,1
"237",0,0,0,2,3,2,0,0,1,3,2,1,1,0,3,2,3,1,3,0,3,2,1,0,0,0,0,0,0,1,0,0,1,2,3,1,0,0,1,0,2,0,1,0,0,0,0,0,0,1,0,1,1,0,1,2,2,1,1,4,3,0,0,0,0,0,0,0,2,0,0,0
"238",4,1,1,1,2,1,6,2,4,6,2,3,3,0,1,0,4,2,3,6,3,3,2,4,1,1,5,4,7,1,4,2,0,1,2,1,3,3,2,1,2,0,2,3,1,2,0,4,2,2,0,5,3,3,1,2,2,2,5,1,2,4,0,1,1,0,1,1,0,1,0,2
"239",1,1,2,2,2,5,5,3,1,3,1,0,0,0,0,2,4,2,4,6,2,5,4,4,1,4,0,3,1,3,3,6,3,2,1,1,0,2,0,1,0,1,0,3,1,1,0,0,1,0,1,1,3,1,2,0,0,1,1,1,1,0,0,0,1,0,1,1,1,0,1,2
"240",0,0,1,1,0,3,1,5,3,3,5,1,1,1,0,0,2,1,2,1,2,3,1,1,0,0,4,3,1,4,0,2,1,2,1,0,0,0,2,1,0,1,0,0,2,0,0,1,0,0,0,0,0,2,0,0,0,0,0,0,1,0,0,0,1,0,0,1,0,1,0,0
"241",0,3,3,2,3,4,2,2,0,1,4,2,2,1,4,2,4,1,1,2,0,4,1,1,1,0,9,4,3,2,2,1,1,1,2,2,1,0,2,2,3,0,2,4,2,3,0,2,2,1,1,2,0,5,3,2,3,1,2,2,0,0,0,1,2,2,0,1,3,3,0,0
"242",2,0,4,2,1,3,1,4,3,3,5,5,0,1,2,2,1,1,2,7,10,9,2,2,0,0,4,2,3,0,2,3,3,8,5,1,2,4,1,3,10,2,1,3,2,6,3,3,0,1,1,2,2,0,2,3,2,1,2,1,1,3,1,1,1,1,0,1,3,9,1,5
"243",5,1,3,1,5,2,5,1,1,4,1,2,4,0,1,4,1,2,2,4,3,12,5,2,5,2,1,3,4,3,0,4,0,3,2,2,3,1,0,3,3,0,1,2,3,2,2,1,0,1,5,2,3,2,5,2,1,7,5,2,3,1,2,0,0,1,1,0,3,6,0,1
"244",2,1,1,4,7,10,6,7,3,3,0,0,2,1,2,1,1,2,3,3,3,0,3,1,5,1,1,1,1,1,3,2,0,2,3,4,8,2,1,3,1,0,1,0,2,1,3,4,2,0,0,0,4,0,1,1,1,1,2,1,0,0,1,0,1,0,0,2,0,2,2,3
"245",0,3,1,0,2,0,0,1,0,1,1,2,1,2,0,2,2,1,3,2,3,1,1,1,0,0,0,0,2,3,3,0,1,4,2,0,1,0,0,3,4,2,2,2,2,1,0,1,0,1,0,0,0,0,1,0,2,0,1,1,1,1,1,2,3,1,0,0,0,0,0,2
"246",1,3,2,0,0,0,2,3,1,3,0,1,0,0,0,1,2,3,0,2,2,1,1,1,0,0,1,2,0,2,3,0,1,0,2,1,0,0,1,3,2,4,1,0,0,2,0,0,1,0,0,0,1,1,0,0,0,2,0,0,0,0,1,0,0,1,1,1,2,1,0,1
"247",2,3,4,1,2,3,2,2,2,3,3,1,0,2,2,3,3,1,2,2,3,2,1,0,1,1,2,1,2,2,2,2,0,2,1,2,1,0,1,4,4,2,3,3,0,0,2,3,3,0,1,1,0,1,0,1,0,3,2,0,1,0,0,0,0,0,2,3,1,1,2,1
"248",2,1,4,3,0,1,0,4,4,1,2,1,3,0,0,4,1,1,3,1,2,2,3,2,1,2,1,2,0,0,1,3,3,1,1,2,1,2,0,0,0,0,1,0,0,1,0,2,1,0,1,0,2,0,0,1,1,0,0,1,3,0,1,0,1,1,2,1,0,2,4,5
"249",1,3,3,1,0,1,2,1,3,1,0,0,2,1,0,1,0,2,2,1,2,0,2,0,2,1,1,1,1,0,1,3,1,0,1,2,0,0,2,1,1,1,0,2,1,1,0,1,1,0,0,0,0,0,2,0,0,0,1,5,0,0,0,0,0,0,0,2,0,0,0,1
"250",1,1,0,0,0,0,0,0,0,0,0,0,0,0,1,4,4,3,2,3,0,1,0,0,0,0,1,2,0,0,1,0,0,0,2,0,0,2,0,1,2,0,1,0,0,0,0,0,0,0,2,0,0,1,0,0,0,1,1,0,0,0,0,0,0,1,0,1,2,3,2,1
"251",0,0,0,0,0,0,0,0,0,0,0,0,0,0,0,0,0,0,0,0,1,0,0,0,0,1,2,1,0,0,0,0,0,0,0,0,1,0,0,0,0,0,0,0,1,0,0,0,1,2,0,0,0,0,0,0,0,0,1,1,0,0,1,0,0,1,0,0,1,1,0,1
"252",4,2,3,1,1,1,2,3,0,0,3,1,1,2,1,2,0,1,1,1,1,1,0,3,3,1,1,1,2,2,2,0,0,0,3,1,1,2,0,1,0,6,3,3,2,1,1,3,3,3,1,1,1,1,0,1,0,0,0,0,1,0,0,2,1,2,2,1,1,2,0,1
"253",1,0,0,0,1,0,0,0,0,0,0,0,0,0,1,0,1,0,3,0,0,2,0,0,0,0,0,1,1,1,0,0,0,0,2,1,0,0,0,0,0,1,0,0,0,0,0,1,2,1,0,0,0,0,0,0,0,4,0,2,0,0,0,0,0,1,0,0,0,3,0,0
"254",1,0,3,1,2,2,1,3,0,2,3,0,0,1,0,0,1,1,9,2,8,3,2,2,2,0,1,1,1,2,2,2,0,3,2,0,0,0,0,1,0,0,2,1,0,0,0,2,1,0,0,0,0,1,1,1,0,0,0,3,2,0,0,1,0,2,0,0,0,0,0,2
"255",4,1,2,2,0,0,2,1,2,2,0,2,0,0,1,0,2,2,2,3,3,0,0,1,1,0,2,1,3,1,2,1,0,0,0,0,0,0,0,0,0,1,0,1,1,0,0,0,1,0,0,0,2,1,0,1,0,2,0,1,1,0,2,2,0,0,1,0,1,2,0,2
"256",0,0,0,0,4,0,1,0,1,2,2,1,1,0,0,0,1,1,1,0,1,1,0,0,1,1,1,0,0,0,2,2,1,3,0,0,0,1,0,1,0,1,0,2,0,0,0,0,1,1,1,0,0,0,0,2,0,1,0,1,2,2,0,0,0,0,0,0,0,1,0,0
"257",2,4,1,0,1,0,2,2,0,0,0,1,1,0,2,0,0,0,3,0,1,1,0,1,0,0,2,1,1,0,2,2,0,1,0,0,2,1,0,0,0,3,0,1,0,1,1,1,0,0,0,0,1,0,1,0,0,2,0,0,0,0,0,0,0,0,1,1,4,3,1,2
"258",5,1,2,4,4,2,1,2,2,5,5,1,3,3,2,3,11,6,3,5,13,4,10,9,4,3,1,1,4,2,3,3,2,2,5,3,6,2,3,0,1,1,1,3,1,1,3,1,1,1,0,1,0,1,0,1,0,0,0,0,2,0,1,4,0,1,1,0,0,7,2,0
"259",2,0,3,0,3,0,4,4,1,2,6,0,2,0,0,1,3,2,2,2,0,2,1,0,1,0,2,3,1,0,1,0,3,1,0,1,0,0,0,0,1,0,2,0,0,0,0,0,0,0,0,1,0,0,0,0,0,0,0,0,1,1,1,0,0,0,1,2,0,0,0,0
"260",1,0,1,0,1,2,2,1,0,1,1,1,2,0,0,0,0,3,0,3,0,2,5,0,1,1,0,0,2,0,0,0,1,0,0,1,1,0,0,0,0,0,0,0,1,0,0,0,0,0,0,1,0,1,0,0,3,1,2,0,0,0,0,2,0,1,0,0,0,0,1,0
"261",0,0,0,1,0,1,0,2,2,4,3,3,2,1,0,1,2,0,1,3,1,3,3,2,1,2,2,1,0,4,3,2,2,2,1,2,1,0,0,1,0,0,1,1,1,1,0,0,0,0,0,0,1,1,1,0,1,1,0,3,3,0,0,0,1,1,2,0,0,0,1,0
"262",0,1,0,4,1,1,2,1,3,1,2,3,3,1,3,1,2,3,1,0,1,2,4,2,1,2,0,1,2,1,0,0,0,0,2,1,1,1,0,0,0,0,1,1,1,2,1,0,0,1,0,2,1,4,2,3,4,0,0,1,0,0,0,1,1,0,2,1,0,0,0,1
"263",2,1,0,0,3,0,2,1,3,1,1,1,1,2,1,1,3,9,4,4,1,1,1,3,0,1,1,1,4,0,2,1,4,0,4,1,3,0,3,1,2,4,0,2,1,2,1,1,0,0,1,0,0,1,2,2,2,2,2,2,2,0,0,0,0,1,1,1,0,0,0,0
"264",0,0,0,1,1,7,1,3,3,3,6,4,3,2,1,1,5,4,1,5,3,2,2,1,2,1,2,0,4,4,3,3,5,1,3,3,2,0,1,2,2,0,1,1,3,2,0,2,0,0,0,0,2,1,4,0,0,0,1,1,0,0,0,0,1,0,0,0,0,1,0,1
"265",1,1,1,1,2,2,3,2,0,0,3,1,1,0,3,4,0,1,3,4,2,4,1,1,0,0,1,1,1,0,1,4,3,2,1,1,0,0,0,1,1,1,0,0,2,1,0,2,1,0,1,2,1,0,0,2,3,3,2,3,0,1,1,1,0,0,1,2,0,1,2,0
"266",1,2,1,2,2,3,1,1,2,0,1,0,0,1,0,3,2,0,3,1,1,0,0,3,1,1,0,0,3,2,3,0,1,2,4,2,0,1,0,1,1,1,0,2,3,6,2,0,2,1,2,0,3,1,3,2,3,1,2,1,0,0,0,0,3,0,0,0,1,3,1,0
"267",1,3,3,4,2,0,1,3,3,0,1,2,0,2,4,1,1,4,0,2,2,2,3,1,0,0,2,0,0,1,1,2,0,2,0,1,2,0,0,3,1,0,1,2,4,1,1,1,3,1,1,1,0,1,0,3,0,2,2,2,1,0,1,0,0,1,1,2,0,1,2,1
"268",1,2,0,2,3,4,1,5,3,8,3,2,2,0,1,1,1,3,3,3,2,1,6,2,1,0,0,5,2,1,2,1,6,4,3,0,4,0,1,4,2,1,0,3,1,2,0,1,2,1,1,1,2,0,2,0,0,0,1,1,1,0,0,1,1,1,1,0,0,2,0,0
"269",3,0,4,1,1,2,2,0,1,1,0,0,1,0,3,3,2,2,0,4,0,1,0,1,3,0,2,0,1,2,2,1,0,0,2,2,3,1,1,2,0,1,4,1,0,1,2,1,0,0,1,2,0,2,3,1,2,0,3,1,4,0,1,4,0,4,1,0,1,1,0,1
"270",2,0,2,3,1,7,1,3,2,2,4,1,1,0,3,2,4,13,5,3,0,4,6,5,0,1,4,2,2,2,2,6,3,6,4,4,3,2,3,0,1,0,2,0,0,1,2,2,1,0,4,2,4,2,4,2,1,2,0,2,0,0,2,1,5,6,7,2,4,1,2,1
"271",1,0,0,4,2,2,4,7,10,8,7,2,1,4,4,7,3,5,2,3,4,4,6,3,3,4,0,0,3,0,4,2,3,5,0,1,3,0,2,2,0,1,0,2,1,2,2,5,3,2,2,0,0,1,0,0,3,1,0,1,1,1,5,0,3,2,1,4,0,0,1,0
"272",3,3,2,2,3,4,6,6,2,7,2,1,3,3,1,1,4,3,4,1,4,3,2,1,3,1,2,1,1,1,2,2,2,4,3,3,1,2,1,0,4,0,3,4,4,3,2,1,3,4,2,2,1,0,0,5,0,3,3,1,1,0,1,1,4,2,1,0,2,1,4,3
"273",3,2,5,2,2,1,1,3,1,0,1,1,0,1,3,3,4,5,1,0,1,3,1,1,1,1,2,1,0,1,1,1,2,2,1,2,0,1,1,0,2,0,0,2,1,0,0,0,0,0,1,0,0,1,1,1,2,1,0,1,0,0,0,0,1,0,0,0,0,3,0,1
"274",3,0,5,1,0,1,1,2,0,2,3,2,1,0,2,3,8,9,1,2,2,1,1,0,0,0,0,3,1,0,1,0,3,1,2,1,1,0,1,0,0,1,1,1,1,0,1,0,1,0,1,0,1,0,0,0,0,0,0,0,0,0,1,0,0,0,0,2,0,0,2,2
"275",1,0,2,0,1,0,0,2,1,2,2,2,1,0,0,2,3,1,3,2,0,3,0,3,3,0,0,3,2,1,0,1,3,1,1,1,2,2,0,1,1,1,2,1,2,3,2,0,2,1,0,0,0,0,1,0,1,0,1,0,0,0,0,0,1,1,0,0,0,0,2,3
"276",4,0,2,1,0,2,0,1,4,3,1,0,3,0,1,1,3,6,1,4,3,1,2,4,1,1,0,2,1,3,1,3,3,1,1,0,2,0,0,2,4,0,0,2,0,1,0,2,1,1,1,0,0,2,0,2,0,0,0,0,3,2,1,0,2,0,1,0,1,2,1,2
"277",1,4,4,1,2,7,1,6,6,3,2,2,4,1,3,8,7,0,2,1,1,1,2,0,0,0,0,0,2,1,3,2,1,1,0,1,1,1,0,1,1,1,2,0,4,2,0,1,6,5,0,1,5,2,1,2,2,0,1,0,0,0,2,0,2,0,2,2,0,0,1,2
"278",2,1,2,1,3,3,1,4,5,2,2,0,4,2,1,4,4,0,2,1,2,1,0,0,1,0,0,2,1,1,0,2,0,0,1,0,0,0,1,0,0,0,0,3,1,1,1,0,0,0,1,3,2,0,0,0,1,1,1,1,0,0,1,0,4,0,0,0,1,0,2,1
"279",1,0,0,4,2,2,2,5,3,2,2,1,1,0,1,3,3,2,1,0,2,1,4,2,0,2,1,1,0,0,1,1,0,0,0,1,0,0,0,0,0,1,0,1,1,1,1,2,0,0,1,1,1,0,1,0,1,0,2,0,1,1,0,0,0,1,1,0,0,1,3,0
"280",1,0,0,4,0,6,2,1,0,2,2,1,0,0,1,2,0,1,0,0,2,3,1,1,3,3,0,0,1,0,0,1,1,0,0,0,2,0,2,0,0,0,0,0,0,0,1,2,2,1,1,1,0,0,2,0,0,0,1,1,0,1,0,0,0,0,1,1,2,3,0,0
"281",0,0,1,2,2,0,0,1,1,3,2,0,0,2,0,0,2,1,1,2,2,2,0,2,2,0,5,3,1,2,3,0,1,1,2,1,0,0,1,0,0,2,2,0,0,2,1,1,0,0,0,1,0,1,2,0,0,2,0,0,1,0,0,0,0,1,0,0,1,1,0,0
"282",1,1,1,3,2,1,3,3,2,0,1,1,0,0,1,1,1,1,1,0,5,5,1,1,1,1,3,2,2,0,1,1,0,6,7,5,2,2,1,2,0,2,4,0,0,2,1,4,2,0,1,0,2,0,2,1,0,0,0,1,1,0,2,2,0,0,1,0,0,0,3,1
"283",2,1,4,0,5,5,2,4,3,1,4,0,1,1,3,0,6,5,1,7,7,8,3,5,4,2,8,2,5,6,5,2,3,2,2,3,4,2,1,0,2,1,4,1,3,7,5,6,0,1,3,0,0,0,3,1,1,3,1,2,0,2,1,1,2,1,0,2,1,1,1,1
"284",0,0,1,2,1,5,1,0,2,1,0,0,1,0,0,1,0,5,3,5,4,2,5,0,0,3,4,2,2,1,2,2,2,1,1,1,1,1,0,0,0,4,4,1,3,3,4,0,0,0,1,3,0,1,4,1,1,0,1,1,0,0,0,2,0,0,1,0,0,1,0,0
"285",3,3,1,0,1,1,1,3,1,1,1,1,0,0,2,0,0,7,4,10,6,2,2,2,4,1,4,1,3,3,2,0,2,3,1,0,0,0,1,0,1,4,1,5,2,3,4,2,1,0,0,0,1,0,2,0,3,0,1,1,0,0,0,1,0,0,1,0,0,0,0,0
"286",5,2,2,1,2,4,3,7,5,5,6,1,3,1,2,8,6,5,3,11,11,4,5,7,6,3,9,1,4,3,2,9,7,5,6,2,2,3,3,3,2,2,4,6,1,2,1,1,0,1,3,2,0,0,1,2,5,3,3,3,3,3,0,1,1,0,3,2,1,2,0,1
"287",3,2,4,5,2,5,5,9,5,11,7,2,4,0,4,5,1,4,1,1,1,2,3,3,0,0,2,3,1,2,3,2,1,1,2,0,1,0,2,1,2,1,1,0,2,1,1,0,1,2,0,1,1,1,1,0,0,3,0,1,3,1,0,0,2,2,1,0,0,1,1,1
"288",2,0,1,0,0,3,4,1,1,2,2,5,2,0,0,1,1,2,1,5,3,2,1,1,1,1,1,1,2,2,0,1,1,0,0,1,2,0,0,1,3,2,2,2,2,5,6,2,1,0,0,0,0,0,0,1,0,2,0,2,0,0,0,0,0,1,0,1,1,0,1,1
"289",0,0,3,4,3,2,2,2,1,0,0,0,1,0,1,1,0,4,2,0,2,1,1,0,0,0,1,0,1,2,3,4,0,0,0,1,0,3,2,0,2,2,2,0,1,0,1,2,1,0,0,0,0,0,1,1,0,0,0,1,0,0,0,1,2,0,2,1,0,0,0,0
"290",3,0,0,3,3,1,2,3,3,2,0,1,1,1,1,3,2,1,1,7,2,1,2,0,1,2,6,1,3,3,0,2,1,3,0,0,1,0,0,2,2,1,2,2,3,0,1,1,0,0,0,0,0,1,0,0,4,2,0,0,0,1,0,0,1,1,1,0,0,1,0,0
"291",1,4,1,1,1,4,8,4,4,2,3,1,4,1,4,1,3,5,0,3,2,2,0,2,0,0,0,0,0,2,2,1,2,1,1,0,1,0,0,0,1,2,1,2,0,1,2,1,1,0,1,0,0,1,0,1,0,1,0,2,0,0,0,0,1,0,2,0,1,0,0,0
"292",2,1,1,1,1,3,0,2,1,1,3,2,0,2,4,2,2,2,3,3,6,4,2,1,0,2,1,0,3,1,5,3,0,0,1,1,0,0,0,1,0,0,4,5,3,1,1,0,0,0,0,1,1,2,3,0,2,2,0,0,0,1,0,0,0,0,0,0,3,2,0,0
"293",2,2,3,2,3,3,6,6,5,4,3,3,1,1,4,4,1,4,2,8,3,3,3,4,1,2,2,3,3,4,1,0,0,1,0,0,3,0,1,1,0,1,2,0,4,0,3,1,1,0,1,1,1,0,5,2,0,0,1,3,0,0,0,1,3,1,1,0,0,1,1,0
"294",3,0,1,1,3,3,3,1,2,2,3,1,1,0,1,3,1,1,0,3,1,2,2,0,0,0,0,1,0,0,0,1,2,5,1,5,0,1,0,0,0,4,1,3,2,0,1,1,0,0,0,0,0,0,0,1,0,0,0,3,0,0,0,0,0,1,1,1,0,0,0,0
"295",1,2,1,0,2,5,5,2,2,4,1,3,2,0,2,1,2,4,4,3,2,3,1,3,2,2,1,5,1,6,0,2,2,6,3,6,3,1,0,2,2,0,1,3,2,0,0,0,1,1,0,3,1,3,4,0,4,3,0,2,0,1,0,0,0,1,1,0,0,0,1,0
"296",2,1,8,6,3,3,1,4,2,3,6,2,2,1,2,0,4,2,2,5,2,1,4,3,0,0,2,4,4,0,3,1,3,2,2,0,1,0,0,0,0,1,2,1,4,2,3,1,1,0,0,0,1,0,1,0,3,1,1,2,2,0,3,2,0,2,1,0,0,1,1,2
"297",1,0,2,2,0,0,1,1,0,0,1,2,1,1,1,1,1,2,3,2,2,2,0,0,1,0,0,0,2,1,0,0,2,2,2,0,0,0,0,1,1,0,3,0,0,0,1,2,0,0,0,0,0,1,0,2,0,2,0,2,0,1,3,0,1,0,1,0,0,1,1,0
"298",0,0,1,1,0,1,0,3,0,0,1,1,2,1,0,0,2,1,0,2,2,1,3,0,1,0,0,0,2,2,3,0,0,1,0,2,1,2,0,0,1,0,1,1,0,2,1,0,2,1,2,0,0,0,0,2,0,0,0,0,0,0,0,0,1,0,0,2,0,0,1,0
"299",7,1,2,1,4,2,1,8,4,3,2,2,3,0,0,2,1,0,0,4,2,5,2,2,0,3,2,1,2,1,4,6,3,1,0,1,0,1,2,2,1,2,5,1,2,0,1,1,0,1,1,0,2,0,2,1,1,2,0,1,2,0,0,1,1,2,0,2,1,7,4,4
"300",1,1,1,0,3,0,2,0,2,1,1,2,0,1,2,1,1,2,0,0,1,3,0,0,0,0,0,1,2,0,2,3,0,0,0,1,0,1,0,1,1,1,0,2,2,0,1,1,0,0,0,2,2,1,1,1,0,0,1,0,0,0,0,0,1,1,0,0,2,0,1,0
"301",2,3,2,3,0,0,0,0,0,0,0,0,0,2,1,0,0,0,1,1,1,0,3,0,2,1,0,0,0,2,0,4,1,3,0,0,2,1,2,1,1,0,3,2,1,1,1,0,1,1,0,0,0,2,2,0,1,0,2,0,0,0,0,1,1,0,0,0,0,0,0,1
"302",6,2,3,1,1,2,0,1,4,3,3,3,0,1,1,3,2,3,4,6,2,3,5,2,0,0,0,2,3,3,2,1,3,4,4,1,3,2,0,2,1,4,1,1,1,2,3,0,2,3,4,1,2,1,2,4,2,4,0,3,0,0,0,1,0,2,1,3,0,1,1,2
"303",2,2,3,4,1,2,5,0,2,3,1,0,3,0,2,2,1,0,3,2,3,3,0,1,2,0,1,0,2,1,0,1,2,0,1,4,3,0,3,0,0,0,3,2,0,1,0,1,0,0,0,0,1,1,0,1,0,0,1,0,0,0,0,0,0,0,1,0,0,0,0,2
"304",2,2,2,5,1,0,1,2,0,1,3,3,1,2,0,0,0,1,1,3,1,1,2,0,0,0,0,0,1,1,1,2,0,5,1,0,0,0,0,3,1,2,1,1,1,2,0,0,0,0,3,1,0,1,1,1,1,0,0,1,0,1,1,0,3,1,1,0,1,2,0,1
"305",4,3,5,2,3,4,5,4,1,2,3,7,1,1,1,2,2,5,3,4,2,2,5,4,2,1,2,2,2,2,2,2,2,4,1,0,1,1,1,0,0,2,2,3,0,1,0,1,1,1,1,2,1,2,0,2,1,1,0,1,0,1,1,1,3,0,1,0,0,1,0,0
"306",7,2,8,2,2,1,2,4,1,0,4,1,1,1,0,3,4,5,2,5,9,3,3,2,5,1,4,2,3,1,2,3,3,5,2,1,2,0,1,0,1,1,2,3,4,3,2,0,1,0,2,1,3,4,0,1,1,1,1,2,1,0,1,0,0,2,2,3,0,1,1,2
"307",6,3,1,3,4,3,3,5,8,7,2,2,1,1,3,0,0,1,4,7,1,2,2,2,1,0,1,1,2,1,0,3,0,1,3,1,3,0,4,1,1,2,0,0,1,0,0,1,1,1,1,2,1,1,0,0,3,4,0,0,2,0,1,0,0,1,0,0,0,0,0,1
"308",4,3,3,1,3,2,3,2,3,4,1,8,0,0,1,0,1,1,1,0,1,2,0,4,0,0,2,1,0,5,1,0,1,0,0,1,1,0,0,1,1,1,3,0,1,0,1,2,0,1,2,2,1,2,0,1,0,0,2,1,0,0,1,2,1,0,0,1,3,0,3,0
"309",2,0,5,1,1,1,2,2,2,1,5,1,1,0,1,1,1,4,1,0,2,2,3,4,3,0,2,0,2,3,1,1,1,1,1,1,1,1,1,0,1,1,3,3,2,2,0,1,0,2,0,1,0,0,1,1,0,0,3,0,1,0,1,1,0,0,0,1,1,1,3,0
"310",0,2,0,2,6,1,0,1,2,5,3,4,0,1,2,1,0,2,4,0,2,2,3,3,2,3,2,3,2,1,2,0,1,1,4,3,1,1,4,2,2,3,1,3,3,3,2,1,1,0,1,1,0,4,5,3,2,2,1,0,0,0,0,2,3,2,3,2,2,3,0,1
"311",2,0,2,3,2,2,3,3,3,3,11,6,0,1,1,1,1,3,5,8,0,5,3,1,1,0,5,1,3,1,2,3,1,1,3,7,2,1,3,5,3,1,3,3,0,4,1,0,0,0,0,0,2,2,1,0,0,2,1,2,0,0,1,1,0,1,0,5,1,2,0,2
"312",0,0,2,1,2,1,0,3,5,4,1,4,2,1,1,1,2,1,1,3,5,4,8,2,2,3,2,5,1,1,1,3,4,2,1,2,0,0,0,0,1,1,1,2,1,3,2,2,1,1,0,0,4,1,2,0,0,7,1,3,1,4,1,1,4,2,3,0,1,0,3,1
"313",3,0,4,0,1,0,0,0,1,0,1,3,0,1,0,1,0,4,0,1,9,3,3,7,3,3,0,2,1,3,0,0,0,0,1,1,2,0,0,0,0,0,1,0,0,1,0,0,1,0,1,0,0,1,0,2,2,1,0,3,2,1,1,3,1,1,0,3,2,1,2,1
"314",1,2,3,2,2,2,3,0,2,2,3,2,1,3,2,4,4,2,4,7,0,3,6,3,1,0,0,0,3,1,1,1,0,1,1,3,2,1,2,0,1,0,0,1,1,2,1,1,1,2,2,3,6,1,1,1,1,0,0,0,1,0,1,1,0,1,2,2,1,2,2,1
"315",0,2,3,0,1,1,2,1,0,1,8,0,0,0,1,1,2,3,4,2,3,2,3,3,3,1,1,2,1,1,2,1,0,1,2,0,1,0,0,0,1,0,2,0,0,1,0,2,0,1,1,2,0,0,0,0,1,0,1,0,0,0,0,2,2,0,0,1,0,1,2,0
"316",0,1,0,0,0,0,0,0,0,0,0,0,0,2,2,2,2,3,0,2,2,0,1,1,1,0,0,1,0,1,0,1,1,2,2,1,1,0,1,0,0,0,1,1,0,1,1,0,0,0,1,0,0,1,0,0,0,4,1,2,1,0,0,0,3,0,0,0,0,1,0,2
"317",2,1,0,1,0,2,2,1,2,1,4,4,2,1,2,3,4,3,3,4,7,5,6,2,3,0,0,1,6,2,5,7,2,3,4,1,1,2,4,0,1,1,4,2,0,2,0,1,1,0,0,1,1,1,1,1,3,0,0,0,3,0,2,1,5,0,1,2,1,3,1,0
"318",2,0,1,0,2,2,1,2,0,2,1,0,1,0,0,0,0,4,2,1,0,1,0,2,0,1,0,4,1,1,1,1,2,0,2,0,0,1,1,2,0,1,0,1,0,1,0,3,0,0,1,0,2,0,0,0,0,2,0,0,1,1,1,0,0,0,1,1,0,0,3,0
"319",1,2,1,2,0,0,2,4,7,4,3,4,3,2,0,1,5,4,6,0,1,1,1,1,1,1,0,0,5,2,2,2,0,3,5,0,1,0,0,2,1,1,4,1,1,1,1,1,0,1,0,0,0,2,5,4,0,1,1,1,1,0,2,1,3,1,1,2,1,0,4,1
"320",1,0,3,4,3,1,3,2,4,0,1,5,2,1,5,4,2,5,3,3,2,3,2,2,1,1,2,3,3,2,2,4,2,1,1,1,0,1,1,1,1,1,1,0,0,1,2,1,0,0,0,1,0,2,0,1,1,2,2,0,0,0,2,1,0,0,1,2,0,0,2,1
"321",3,0,1,1,0,0,0,1,2,0,1,0,0,0,0,0,1,0,1,0,1,1,1,0,1,1,1,0,1,2,0,1,1,0,1,1,0,0,0,0,0,0,1,1,2,0,0,0,0,1,1,0,0,0,2,0,1,1,0,0,0,0,0,0,0,1,1,0,0,0,0,0
"322",3,0,2,1,2,2,1,2,3,6,1,3,3,0,2,1,2,2,1,3,0,0,0,1,0,0,0,0,1,2,3,1,1,2,1,1,1,0,1,0,2,1,0,0,2,1,1,0,1,0,1,0,0,2,0,0,3,0,1,1,1,0,0,0,1,0,1,1,3,1,1,0
"323",0,1,0,1,0,2,5,3,4,1,2,0,1,0,2,2,2,3,2,2,1,1,1,2,0,3,3,2,0,0,2,2,1,1,0,0,1,1,1,0,5,0,2,4,2,1,1,1,1,0,2,1,1,1,3,0,1,1,2,3,0,2,0,0,1,0,1,0,1,1,0,2
"324",0,1,1,3,2,5,3,3,2,2,1,4,0,0,1,1,3,1,0,0,0,2,1,1,2,0,0,2,0,4,0,1,1,6,0,3,0,1,0,1,3,2,2,0,0,0,1,0,1,0,0,0,0,2,1,1,4,0,0,0,0,0,0,0,0,0,1,1,1,0,1,0
"325",2,2,2,1,4,0,3,2,1,0,0,1,0,0,0,1,1,0,0,0,0,0,4,1,1,2,3,1,1,1,4,0,1,2,1,1,1,0,1,0,0,0,1,1,0,0,1,0,0,0,0,0,0,0,0,1,2,0,1,1,1,0,0,2,1,0,1,1,1,0,2,2
"326",0,1,1,1,1,2,3,2,1,0,1,1,1,1,0,2,0,1,3,2,1,2,0,0,1,1,4,0,0,2,0,1,2,4,2,0,1,0,0,3,2,1,0,0,0,0,1,1,1,0,0,0,0,0,0,0,0,1,0,0,0,0,0,0,0,0,0,0,0,0,1,0
"327",4,0,1,2,4,3,5,7,5,2,1,2,2,1,3,1,3,1,1,4,3,1,5,1,1,0,3,1,7,3,4,2,3,3,1,1,0,1,0,0,0,1,0,0,2,1,0,1,0,0,1,2,1,0,1,3,3,0,1,1,0,0,0,0,1,1,0,1,0,0,0,2
"328",2,2,2,1,0,0,4,2,3,1,3,0,0,0,1,2,1,1,3,1,2,4,2,2,1,1,1,2,4,2,1,0,0,2,3,0,1,0,1,1,1,0,0,2,1,0,0,1,2,0,0,0,1,1,1,1,1,0,1,1,1,0,0,0,0,1,0,0,0,0,0,0
"329",1,0,2,1,4,3,2,6,0,2,5,1,1,0,2,4,1,1,2,3,4,4,4,2,2,1,2,1,0,0,0,0,1,5,2,1,0,1,2,2,0,2,0,2,1,0,2,1,0,0,2,1,1,1,0,1,1,2,0,0,1,1,4,0,0,1,0,2,0,1,0,2
"330",0,0,2,0,2,1,0,1,3,1,2,3,1,0,0,0,1,3,1,0,3,2,1,3,1,0,0,0,0,0,2,1,1,3,4,0,1,1,1,1,0,0,1,2,1,0,0,0,0,0,0,2,4,1,1,2,3,1,0,3,0,0,2,0,0,1,0,2,1,1,0,1
"331",4,2,1,1,1,2,2,2,1,2,0,1,2,0,2,3,1,3,0,2,1,5,3,2,1,0,3,0,1,3,4,1,1,0,0,0,0,1,0,1,1,1,0,2,0,0,0,0,0,0,1,1,0,2,1,1,0,3,1,0,0,0,1,1,1,1,2,2,0,0,0,1
"332",3,0,3,1,6,6,3,4,3,2,3,3,2,0,1,1,2,2,1,0,2,2,1,2,1,1,3,1,1,5,5,4,3,4,2,2,1,0,0,1,2,1,1,2,0,1,0,1,0,1,1,1,0,4,0,1,3,1,0,2,1,0,1,0,1,2,0,2,2,2,1,1
"333",1,2,0,1,4,1,1,4,7,2,1,2,2,1,1,2,0,4,0,3,3,0,0,1,1,0,1,1,3,1,1,0,1,1,4,0,0,1,1,0,0,0,1,1,0,0,0,1,2,1,0,0,1,0,1,1,0,1,0,0,0,0,0,1,1,0,0,1,1,0,2,1
"334",4,4,2,3,5,1,0,2,2,1,0,5,2,0,2,2,2,2,1,0,1,4,1,1,1,1,0,2,0,0,1,0,1,1,1,2,1,0,0,2,1,1,0,0,2,0,1,2,0,0,1,0,0,1,0,0,0,0,0,2,0,0,0,0,0,1,5,1,1,2,1,1
"335",0,1,3,2,3,5,9,2,5,2,2,2,0,1,0,3,4,2,0,2,1,0,3,2,0,1,0,3,0,5,0,4,0,2,2,5,2,3,1,2,3,3,0,2,0,3,1,1,0,1,0,1,1,2,0,0,1,1,0,1,1,0,0,0,1,0,1,1,1,1,2,0
"336",0,0,0,0,2,1,0,1,0,0,2,0,1,2,2,1,1,0,0,1,0,0,0,2,1,0,0,1,0,0,0,0,0,1,0,0,1,0,2,0,0,0,1,0,0,0,1,1,1,0,0,0,0,0,0,0,2,0,1,0,0,0,0,0,0,0,2,2,0,1,1,1
"337",7,3,3,3,3,2,5,5,4,3,5,0,0,3,5,1,1,0,5,1,1,2,1,4,1,1,3,3,0,0,0,1,2,4,2,0,2,1,2,0,2,1,0,0,0,0,3,0,0,0,0,1,1,0,1,0,4,1,0,6,2,2,0,2,0,3,11,3,9,2,0,1
"338",2,3,3,3,7,6,12,5,5,5,2,4,5,0,0,1,6,5,0,3,3,2,2,2,1,1,2,0,2,3,3,2,3,2,0,0,0,1,0,2,0,1,1,1,0,1,1,0,0,0,2,3,2,2,1,1,1,2,1,0,1,1,1,3,2,0,2,2,2,1,3,0
"339",3,1,4,1,1,0,0,3,2,1,3,1,2,2,3,0,2,1,0,1,0,0,1,1,3,0,0,0,0,4,2,1,4,2,1,1,1,0,1,2,0,0,1,0,0,2,1,0,1,0,0,0,0,1,0,1,1,2,0,1,0,0,0,2,2,2,1,1,1,1,1,3
"340",2,0,1,1,2,3,3,4,3,2,3,2,1,0,1,3,5,1,3,0,0,0,2,1,0,0,1,1,3,0,1,1,1,4,3,0,1,1,1,1,2,1,1,2,0,0,3,0,1,1,1,0,1,1,1,1,0,1,1,0,0,0,1,1,0,0,1,0,0,0,0,2
"341",3,3,4,2,0,2,2,4,5,0,3,0,0,1,1,1,1,3,1,3,1,1,0,1,0,0,3,4,1,2,1,1,1,4,4,1,0,1,0,1,0,1,5,2,2,3,1,4,1,1,0,0,0,0,2,1,3,2,1,2,1,0,1,1,1,0,1,2,3,1,1,0
"342",1,3,3,5,3,4,2,1,2,2,6,1,2,1,1,1,1,0,2,1,2,2,5,2,3,0,2,2,1,2,3,1,2,2,5,3,1,1,2,0,0,0,0,1,0,2,1,2,0,0,1,3,2,1,2,1,0,0,2,0,1,1,3,1,0,0,1,0,3,3,1,0
"343",2,1,1,3,1,5,3,2,4,3,1,2,0,2,0,0,0,2,1,3,3,2,2,3,1,1,1,0,1,1,1,1,1,0,4,2,1,0,0,0,0,1,4,0,0,1,1,0,0,0,0,2,0,3,2,6,1,1,1,3,2,2,3,3,0,1,1,2,0,0,3,0
"344",1,0,2,5,1,4,3,5,4,0,2,3,0,2,4,1,3,1,4,2,2,0,1,2,0,1,0,1,0,0,0,3,3,1,1,1,2,0,0,1,2,0,0,0,0,1,1,2,0,0,1,0,0,0,0,2,1,0,0,1,0,0,0,1,2,0,0,0,2,0,1,0
"345",1,2,3,5,3,2,1,1,3,3,1,2,0,1,0,0,4,1,3,1,2,3,2,4,0,1,3,0,0,4,2,3,0,1,1,1,1,0,1,1,1,2,1,3,1,1,1,1,0,0,0,0,0,1,1,0,0,1,0,0,0,0,1,0,0,1,1,1,1,2,4,5
"346",0,1,1,0,2,1,0,1,1,2,2,1,1,1,2,2,1,3,4,5,1,2,3,2,1,1,6,4,1,2,3,1,2,1,2,1,1,3,3,0,4,1,1,4,2,4,1,0,0,1,2,1,0,0,2,1,4,1,1,1,0,0,2,1,1,1,0,1,3,1,2,4
"347",0,2,3,4,0,2,1,1,0,3,3,1,0,0,1,1,0,0,2,3,1,0,1,3,2,0,2,1,4,1,5,2,2,1,0,0,0,1,1,0,0,4,2,1,1,1,2,1,1,0,0,0,3,1,0,3,1,0,1,1,0,0,1,1,4,4,2,1,1,4,2,1
"348",4,0,1,1,4,3,2,6,2,5,5,2,3,0,2,5,1,5,6,6,4,2,1,3,3,0,1,1,2,0,2,3,2,1,0,2,0,2,0,3,0,1,2,0,1,1,0,0,5,1,1,0,3,2,3,0,1,1,0,1,4,4,2,4,0,1,2,2,0,1,0,3
"349",0,0,4,3,5,5,1,5,7,4,0,1,1,3,2,3,1,2,4,6,6,3,2,3,1,2,1,6,1,1,1,2,2,4,2,1,3,4,1,1,1,0,0,2,6,1,3,1,0,4,0,4,1,0,2,0,2,2,1,1,2,2,0,2,2,1,0,0,2,1,4,2
"350",0,1,1,2,1,2,4,2,5,3,5,1,2,1,0,1,3,2,4,1,2,1,1,1,4,1,1,0,0,0,1,2,2,1,1,1,2,0,2,1,2,1,3,2,3,0,0,1,1,0,1,0,0,2,3,5,1,1,1,1,2,1,1,0,1,0,0,1,0,3,0,1
"351",2,2,1,1,4,0,4,2,0,1,0,0,0,2,1,2,0,0,1,1,1,0,2,1,1,1,0,0,0,1,0,1,0,1,1,0,2,0,1,1,0,0,0,2,4,1,1,0,0,0,0,2,0,2,1,0,1,0,2,0,0,0,0,1,0,0,0,0,2,1,0,0
"352",1,0,0,1,1,0,1,1,0,1,1,1,0,0,2,0,1,6,1,2,2,1,0,1,1,1,0,0,3,1,3,1,0,1,1,0,1,0,1,0,1,1,0,1,0,0,0,0,0,0,0,1,1,0,0,2,0,2,1,2,0,0,1,1,1,0,0,2,2,3,2,0
"353",1,0,1,0,0,0,0,0,0,2,1,0,0,0,0,0,2,1,1,3,2,1,1,0,0,1,0,0,0,1,4,1,2,3,1,2,3,0,0,0,1,0,4,0,0,1,0,1,3,1,1,1,0,0,2,0,0,0,0,0,1,1,1,0,0,1,1,0,0,3,4,0
"354",2,0,1,5,3,1,4,1,2,0,1,1,0,0,0,0,1,1,2,1,1,0,1,1,1,0,0,0,0,3,0,3,2,0,1,0,2,1,0,0,0,1,0,1,0,0,1,2,3,0,0,1,0,0,0,0,2,0,0,1,1,0,0,1,1,1,1,1,0,0,1,0
"355",2,0,2,6,1,5,7,7,0,2,2,0,2,0,1,2,3,1,2,2,2,2,1,4,2,0,2,2,2,2,0,2,9,2,4,3,1,1,1,3,0,4,3,2,1,7,1,2,0,1,3,0,0,0,2,3,1,2,1,3,0,0,0,0,1,3,0,0,3,1,1,0
"356",1,0,0,1,1,1,2,2,3,4,0,1,0,1,1,0,1,1,3,2,3,1,4,0,1,2,0,2,0,1,2,2,1,0,0,1,2,0,0,1,0,2,0,0,1,0,0,0,2,0,0,0,1,3,0,1,0,3,1,0,1,0,0,1,1,1,0,3,1,2,0,0
"357",1,0,0,0,0,0,1,1,0,4,0,0,1,0,3,1,0,1,2,1,1,0,2,0,0,1,0,1,0,0,1,1,1,3,0,1,1,0,1,2,4,1,0,3,0,0,0,0,0,0,0,0,1,1,2,0,0,3,0,0,0,0,0,0,1,1,0,2,0,1,0,1
"358",0,0,4,4,2,0,1,1,0,1,2,1,2,1,0,1,1,1,0,1,0,0,1,1,3,0,0,0,0,0,0,1,1,1,2,0,2,0,1,0,1,0,1,1,0,0,0,0,0,0,1,0,0,0,2,0,2,1,2,0,2,1,0,3,1,1,0,0,1,2,0,1
"359",0,0,0,0,1,4,2,0,3,0,0,0,0,1,0,1,1,4,2,2,3,1,0,2,0,1,1,2,1,0,2,3,0,1,0,1,0,0,0,0,2,0,0,1,1,1,1,1,0,0,2,1,1,1,1,1,0,0,1,1,0,1,0,0,1,0,1,2,2,0,0,0
"360",0,0,1,0,1,2,2,3,2,2,0,2,2,0,1,1,3,1,4,2,0,0,1,0,0,0,0,2,0,1,2,0,1,1,1,1,0,0,3,0,0,0,1,0,1,2,0,0,2,0,1,0,1,0,0,0,0,0,0,0,0,0,0,1,0,2,0,0,0,2,0,1
"361",0,0,1,2,1,0,1,2,1,0,4,4,1,0,2,2,2,2,1,1,1,0,1,1,0,2,0,2,3,0,1,2,0,0,0,0,0,0,3,2,0,0,0,0,0,1,1,0,0,0,1,1,0,1,0,0,1,1,1,0,0,0,1,1,0,0,0,0,0,1,0,1
"362",0,0,1,1,1,0,2,2,4,6,2,2,2,0,0,1,0,0,0,1,1,1,3,0,0,0,0,0,0,0,0,1,0,1,0,0,1,0,0,1,0,0,0,1,0,0,0,1,1,0,0,1,0,0,1,0,0,0,0,0,0,0,0,0,0,0,1,0,1,0,0,0
"363",0,2,2,3,1,0,1,1,4,2,2,0,1,1,1,1,1,2,2,0,1,2,1,1,1,0,1,4,4,1,1,3,1,1,3,3,1,0,2,2,0,0,1,0,0,0,0,0,1,0,2,1,0,0,1,1,0,0,1,1,1,2,0,0,2,2,2,2,1,3,1,4
"364",5,1,5,5,3,4,0,2,2,3,8,1,1,1,0,1,0,1,2,2,1,0,3,0,0,0,0,0,1,1,3,0,3,0,2,0,3,3,1,1,3,1,1,0,1,6,0,5,4,1,1,3,5,5,1,2,2,0,2,3,1,0,2,2,0,2,1,2,0,0,0,2
"365",4,2,1,4,3,2,0,3,5,0,0,6,1,0,4,3,4,0,2,4,5,1,1,0,0,0,1,1,1,1,6,2,5,2,0,2,0,1,4,2,0,1,2,1,0,1,1,2,0,0,1,1,1,0,0,2,0,0,0,1,0,0,2,1,0,1,1,1,1,1,0,1
"366",1,1,0,2,1,8,1,0,5,2,2,1,0,0,2,1,0,2,1,3,0,2,0,1,1,1,0,4,0,2,0,0,0,2,0,1,1,0,0,0,0,0,1,0,0,1,0,0,1,1,4,1,1,1,4,2,0,1,1,1,0,0,2,1,0,2,0,0,0,2,1,0
"367",1,1,2,1,1,1,1,1,2,4,0,0,1,3,3,1,0,2,2,1,3,2,4,0,2,0,0,1,1,4,2,2,1,2,2,1,1,1,1,0,2,0,1,1,2,0,4,2,1,2,1,1,2,1,2,0,1,0,1,1,2,0,1,0,1,0,0,2,5,2,0,3
"368",0,1,4,1,3,1,1,0,1,3,2,2,0,2,1,1,2,0,1,5,1,3,2,3,4,0,2,1,1,0,2,4,5,0,3,5,0,0,0,2,1,2,2,1,2,1,1,0,0,0,1,0,0,0,1,1,0,1,2,1,2,1,0,0,1,1,3,2,4,4,0,1
"369",1,0,0,0,1,2,0,0,0,2,0,1,1,1,1,0,2,0,0,1,0,0,2,1,1,0,1,0,2,2,1,2,1,1,1,1,0,1,3,0,0,0,2,1,3,1,2,0,0,0,0,0,0,0,1,1,3,1,0,1,0,0,0,0,1,0,0,1,2,0,1,0
"370",0,0,0,1,0,3,0,2,2,0,2,1,0,0,0,0,0,3,0,1,1,0,1,1,0,0,0,1,1,1,1,0,1,0,3,2,2,0,2,0,1,0,1,2,0,1,3,0,1,3,0,0,1,0,0,0,0,1,1,2,3,0,1,0,0,1,0,0,0,0,0,3
"371",0,0,2,0,0,0,0,0,0,5,2,4,1,1,0,0,2,0,0,0,0,0,1,0,2,1,0,0,1,2,1,0,0,3,0,1,1,0,0,0,0,1,0,2,2,2,0,0,0,0,1,0,0,0,0,0,0,3,1,1,0,1,0,2,3,0,0,1,2,1,1,3
"372",0,1,0,0,0,0,1,0,0,2,0,2,0,1,0,1,3,1,2,1,0,0,1,1,0,2,0,0,1,0,1,0,1,1,1,0,0,0,0,0,0,0,0,0,3,0,0,0,0,0,0,1,1,0,2,1,1,1,0,0,0,0,1,1,0,0,0,1,1,0,0,0
"373",0,0,2,0,2,1,0,2,1,0,1,0,0,0,1,0,2,1,1,2,0,0,1,1,1,0,2,0,2,1,1,0,0,1,1,2,0,0,0,1,0,3,2,3,2,0,1,0,1,0,0,1,1,0,1,2,0,0,2,0,0,0,0,0,1,0,1,0,1,1,2,1
"374",0,5,0,0,3,2,1,1,4,1,0,0,0,0,1,1,0,1,2,1,2,0,2,0,1,1,1,0,1,1,1,1,1,2,3,0,2,0,0,0,1,0,1,0,0,1,0,0,0,1,0,0,1,1,0,0,0,1,1,0,2,0,0,0,0,0,2,2,1,0,1,1
"375",5,2,1,1,4,2,1,1,2,1,0,0,0,1,0,0,0,2,2,4,6,1,3,3,2,0,0,0,0,2,1,3,0,0,0,2,2,0,1,4,3,2,1,2,1,3,2,2,1,0,1,0,1,1,0,2,1,1,0,1,1,0,0,1,0,2,2,2,2,1,2,0
"376",1,0,1,0,0,0,2,0,2,1,0,2,1,2,1,1,1,2,3,3,0,0,1,0,0,0,0,0,1,1,2,1,0,2,2,2,0,2,0,0,0,0,0,2,0,1,0,0,0,0,0,0,0,0,1,0,1,0,0,0,0,0,1,0,0,0,1,0,2,3,3,0
"377",5,4,0,3,4,1,1,2,0,3,1,2,2,0,0,1,2,0,1,2,3,1,0,1,3,4,2,1,0,2,2,1,1,1,4,3,3,0,1,1,0,0,2,1,0,3,3,1,0,0,1,0,0,3,1,1,8,2,5,2,1,0,2,0,1,0,0,0,1,2,0,0
"378",1,0,3,3,5,2,2,4,3,3,1,0,6,2,0,3,0,1,4,2,4,2,4,5,3,4,0,0,1,0,1,2,2,3,0,5,0,3,1,3,2,2,3,4,2,1,6,4,2,2,0,0,0,0,0,1,3,4,0,0,2,1,0,0,1,3,3,0,0,0,1,0
"379",2,3,1,4,2,1,1,2,1,8,2,2,0,1,1,1,3,2,2,1,1,2,3,3,1,4,1,0,1,0,1,2,0,1,2,0,1,1,0,1,1,0,1,1,1,2,6,1,1,0,0,0,1,1,1,0,2,1,4,1,0,2,0,0,1,2,0,0,0,0,1,0
"380",1,1,0,1,6,0,0,2,1,2,2,1,1,0,0,3,0,0,0,0,0,0,0,1,1,1,0,0,0,1,0,1,0,1,0,1,2,0,1,0,1,1,1,3,0,2,0,0,0,0,0,0,0,1,0,0,0,1,0,0,0,0,0,0,0,0,0,2,0,1,1,0
"381",0,0,0,2,5,0,2,0,0,1,1,2,2,0,2,1,0,2,0,0,2,1,0,0,0,2,0,2,1,0,0,0,1,1,1,0,0,0,1,0,1,0,1,0,0,0,1,1,3,1,1,0,2,0,0,2,3,1,0,0,0,0,0,0,1,0,0,0,0,0,1,0
"382",0,4,3,3,5,3,1,2,4,4,5,6,1,2,1,2,3,3,5,0,1,1,2,3,6,0,1,1,0,1,1,3,1,1,0,0,0,0,2,1,2,1,2,1,0,2,0,1,0,1,1,0,0,0,0,3,2,1,1,0,0,0,0,1,1,1,0,0,1,1,1,1
"383",0,0,2,0,0,0,1,2,0,2,1,1,0,1,0,2,0,1,3,2,0,0,1,2,2,1,0,3,0,0,0,0,1,0,0,0,1,1,0,0,0,0,1,0,0,2,0,0,0,0,0,0,1,0,1,0,0,1,2,0,0,0,0,2,0,1,0,0,1,0,0,1
"384",2,0,1,1,3,4,2,2,3,5,2,1,2,1,2,0,2,3,2,2,1,1,1,2,2,3,2,0,0,2,0,2,1,0,0,0,2,0,1,0,0,1,1,1,2,0,3,1,1,1,2,0,0,0,0,0,0,1,0,2,0,0,0,0,1,0,0,0,1,0,0,0
"385",2,0,1,0,2,1,1,3,5,5,1,2,2,0,2,2,0,2,0,0,0,0,1,2,3,1,0,0,1,1,1,1,1,0,0,1,1,0,0,1,0,0,1,1,1,0,0,1,0,0,0,2,0,1,1,0,1,1,2,0,1,0,0,0,0,0,0,0,0,0,0,0
"386",0,1,0,1,0,1,1,4,3,1,4,1,3,0,0,1,0,0,0,1,2,1,1,2,0,1,1,0,0,0,1,1,0,2,0,0,1,0,0,0,0,2,1,2,0,1,3,0,1,0,0,0,0,0,0,0,1,2,0,1,0,0,0,0,0,0,0,0,0,0,1,1
"387",0,0,1,2,1,3,0,1,2,1,1,1,0,0,3,1,0,0,0,0,1,2,1,2,1,1,1,0,2,1,1,0,0,0,0,1,0,0,1,1,0,0,0,1,0,0,2,0,0,0,1,1,0,0,0,0,2,0,1,0,0,0,0,0,0,0,0,2,0,0,0,0
"388",0,0,2,0,4,1,4,1,0,0,2,3,1,4,0,1,0,0,0,0,0,1,3,1,1,0,1,0,0,1,0,1,0,2,1,1,1,0,1,0,0,0,0,1,1,0,1,2,0,0,0,0,0,0,1,0,1,2,1,0,0,0,0,1,0,1,0,0,2,2,0,0
"389",2,1,0,1,3,2,1,3,2,3,1,3,2,2,2,3,0,1,2,2,0,1,2,0,3,2,2,0,0,0,0,1,0,0,0,1,1,0,2,2,1,0,1,1,1,0,1,0,0,0,0,0,1,0,1,0,3,0,0,1,0,0,0,1,0,0,1,0,0,1,0,0
"390",5,0,2,3,4,3,1,7,7,4,1,3,0,0,3,1,2,1,0,5,5,2,7,3,3,2,2,0,0,0,3,0,2,3,1,0,1,0,0,4,1,0,0,1,2,1,1,0,0,0,4,1,2,2,1,5,3,4,0,1,0,1,0,1,0,1,1,1,4,1,1,1
"391",1,1,4,2,0,3,1,1,2,2,1,2,0,3,2,0,0,1,2,4,0,0,0,1,1,0,0,2,0,1,1,3,2,1,3,0,1,0,1,1,2,1,0,0,2,0,1,1,1,1,0,0,0,2,0,3,4,2,1,1,1,0,0,0,1,1,4,3,3,2,4,0
"392",4,1,3,5,3,1,3,4,2,4,2,3,2,1,1,1,2,0,2,3,0,1,1,0,1,0,0,3,1,2,3,1,0,3,0,4,2,1,1,0,2,0,0,2,0,1,1,6,3,2,2,0,0,2,1,2,0,3,2,2,1,2,0,0,1,1,4,4,2,1,1,4
"393",2,2,2,0,0,1,1,3,2,1,1,2,0,1,0,1,2,1,7,1,3,1,0,2,1,0,0,4,4,3,1,4,1,2,0,0,1,1,0,2,1,1,1,2,0,3,1,4,2,2,0,1,0,0,3,2,2,1,0,0,3,0,1,0,0,0,2,1,5,1,0,0
"394",3,0,2,1,0,0,3,3,4,2,0,3,2,1,5,2,1,1,1,0,2,2,0,3,1,1,2,2,0,2,1,0,1,0,2,1,0,0,0,0,0,0,1,0,0,1,0,5,0,0,1,1,2,0,1,0,0,0,0,0,1,0,0,1,3,2,0,3,1,1,2,1
"395",2,0,2,2,2,1,7,1,5,3,4,2,2,1,4,2,3,1,3,3,1,0,2,1,0,1,1,2,1,1,1,3,3,3,2,2,1,0,3,5,2,2,5,1,1,1,2,5,5,2,0,1,0,2,5,0,1,1,0,1,1,1,0,1,0,2,1,0,1,2,4,1
"396",5,8,2,3,4,6,3,3,12,5,5,3,6,6,2,1,6,5,5,1,4,2,2,2,3,1,1,3,2,1,3,3,0,0,2,1,1,1,2,2,2,1,1,1,1,1,3,4,1,1,2,0,2,2,3,1,1,1,0,2,3,3,1,0,3,3,0,3,3,0,3,1
"397",2,0,1,4,3,2,4,1,2,0,0,0,0,1,0,1,0,0,1,1,1,0,0,0,1,0,0,0,1,0,1,0,1,0,0,0,0,0,0,1,0,0,0,2,0,0,1,1,1,0,0,0,1,0,0,0,0,1,2,1,0,0,0,0,0,1,0,1,0,1,9,3
"398",2,0,1,1,2,9,2,3,6,5,3,4,2,1,1,1,1,2,3,1,4,3,1,3,3,1,3,4,3,6,2,5,6,2,4,3,1,1,1,2,2,0,1,2,1,1,1,0,1,0,1,0,1,3,3,2,3,5,0,1,2,0,0,5,1,2,1,9,5,6,4,6
"399",2,2,1,6,1,6,1,3,1,1,2,2,2,1,1,1,0,0,1,1,1,0,2,3,0,0,1,2,1,0,0,0,1,1,0,1,1,1,0,0,0,1,0,1,1,0,0,0,0,1,0,0,1,0,0,0,0,0,0,0,0,0,1,0,0,1,1,0,5,5,3,4
"400",0,2,3,2,1,2,4,1,0,2,3,0,0,3,0,2,4,0,1,1,0,1,0,2,1,0,3,1,2,0,0,0,1,1,0,0,1,0,2,1,0,0,1,1,0,2,0,2,1,0,0,0,0,0,1,1,0,1,2,0,0,0,2,0,0,0,2,2,4,2,0,0
"401",1,0,2,2,1,5,2,1,3,2,2,2,2,1,0,5,1,5,0,2,1,1,1,6,1,1,4,3,0,1,0,0,0,2,1,1,0,1,0,0,1,1,0,0,0,3,0,1,0,1,3,1,0,0,1,0,0,1,0,0,1,1,1,2,0,1,0,0,2,1,2,1
"402",1,2,3,0,1,0,0,1,0,2,1,3,1,1,0,3,0,2,0,1,2,1,1,1,1,1,0,1,1,1,0,0,1,2,0,1,0,0,0,0,0,0,0,1,1,0,2,0,0,0,1,0,0,0,1,0,0,2,0,1,0,0,0,0,0,0,0,0,0,0,2,2
"403",0,0,3,2,1,1,2,6,6,4,4,4,3,2,2,1,1,8,0,2,4,5,3,9,7,17,9,1,0,2,2,1,3,3,0,2,1,1,1,1,1,2,2,2,2,1,1,2,0,0,0,0,1,1,0,0,4,1,0,3,1,2,3,5,1,1,2,1,0,1,1,2
"404",1,1,1,2,1,2,3,7,1,3,3,3,3,2,1,2,2,4,6,2,2,7,5,8,8,8,7,1,3,2,4,2,1,0,2,0,3,0,0,0,0,0,0,0,1,1,2,3,1,0,2,0,3,1,1,1,1,0,1,0,0,0,3,0,1,0,7,2,3,7,0,1
"405",1,2,0,0,2,1,1,0,4,0,2,0,0,0,1,1,0,2,1,1,1,4,2,0,4,1,1,0,1,2,0,1,1,0,2,1,0,0,0,0,1,1,0,0,0,1,2,1,0,0,1,0,0,2,0,0,0,0,0,1,0,0,0,0,0,0,0,2,1,2,0,0
"406",1,1,0,3,2,5,1,3,5,4,2,1,1,1,1,3,2,4,2,3,1,2,1,1,3,1,1,1,1,1,0,1,0,1,0,0,1,2,2,0,0,1,1,2,0,2,0,1,1,0,1,0,0,0,0,0,2,0,0,1,4,0,2,0,0,0,1,2,3,0,2,3
"407",4,1,2,3,2,0,3,6,8,6,2,0,2,4,2,2,5,0,2,2,1,3,2,4,2,0,1,1,1,1,0,0,2,0,2,0,1,0,0,1,0,3,3,0,0,1,0,0,2,0,1,2,1,3,4,2,1,0,1,1,0,0,0,2,0,1,3,1,5,2,1,2
"408",3,1,2,2,2,0,3,1,3,3,2,7,0,1,4,0,2,3,3,1,5,1,1,0,1,4,1,1,1,1,2,1,2,0,0,0,2,0,1,1,2,3,2,0,0,0,0,1,1,1,1,2,0,1,3,1,0,0,1,1,0,0,2,1,2,0,0,0,2,1,1,1
"409",1,1,3,0,0,1,4,5,6,4,8,2,2,2,1,4,0,2,1,2,5,3,0,1,1,2,1,2,2,2,1,1,2,0,1,1,0,0,1,0,0,1,1,0,0,0,1,2,1,0,0,0,1,0,1,2,0,0,0,3,2,0,0,0,0,2,1,1,3,1,0,1
"410",1,0,0,0,2,1,1,4,2,0,2,2,1,0,1,1,1,1,1,1,4,1,4,0,0,0,0,0,0,0,2,1,1,0,0,1,0,0,0,0,0,0,0,0,0,1,0,0,0,0,0,0,1,0,0,2,0,0,1,0,0,1,0,0,0,0,0,0,1,0,2,0
"411",2,1,1,0,1,0,1,3,4,3,2,2,3,0,0,0,0,1,1,0,0,1,1,0,0,0,1,0,0,1,0,0,0,1,1,0,0,0,1,2,2,0,0,0,1,3,0,0,1,1,1,1,3,2,2,0,0,1,1,0,0,1,0,1,1,0,0,1,1,3,0,0
"412",3,1,2,2,3,1,1,2,2,4,2,0,1,0,1,0,3,0,3,1,0,1,1,0,1,1,3,1,0,4,1,1,1,0,0,1,1,0,2,0,1,3,2,0,0,2,0,0,0,2,1,0,1,1,1,0,0,3,0,0,1,0,1,0,1,0,0,0,2,0,1,2
"413",2,1,0,0,0,1,0,1,1,3,1,1,1,0,0,1,0,0,2,0,0,0,0,1,0,2,0,2,2,0,0,0,0,0,3,0,0,0,1,0,1,1,0,1,1,0,0,0,1,1,0,1,0,0,0,1,0,0,3,2,0,0,0,0,2,1,0,2,0,2,2,0
"414",3,0,1,2,1,1,2,1,0,0,0,0,0,0,0,2,1,0,0,0,1,0,0,0,1,0,0,0,0,2,2,1,0,0,1,1,2,0,0,0,0,1,1,0,0,0,0,0,0,0,0,0,1,1,1,0,1,1,1,0,0,0,1,0,0,1,0,0,1,1,0,1
"415",1,1,0,1,0,1,0,1,1,0,1,2,0,1,1,0,1,0,1,2,0,3,1,0,0,0,0,0,1,1,1,0,0,0,0,0,1,0,0,1,0,0,1,1,0,0,1,1,0,0,0,0,0,0,0,0,0,0,0,2,0,0,0,0,0,1,0,0,1,2,0,1
"416",1,1,1,1,2,0,1,0,1,1,1,2,1,0,2,1,4,0,2,2,2,0,1,2,0,3,0,1,2,4,1,0,1,0,4,1,0,2,0,0,2,0,0,2,0,1,1,0,0,0,0,0,1,1,1,1,3,4,1,1,1,0,0,0,1,0,1,1,0,1,1,1
"417",3,0,1,0,2,0,3,0,0,3,2,0,0,0,1,0,1,2,2,3,0,2,2,3,1,0,0,0,0,3,1,0,1,3,0,0,0,0,0,0,0,0,0,2,0,0,1,0,0,1,0,0,1,0,2,1,1,2,1,1,0,0,1,0,0,2,2,0,0,2,0,1
"418",1,0,0,1,1,3,1,1,4,0,0,0,1,0,1,1,1,0,2,0,2,2,2,1,2,1,2,2,1,1,0,0,1,0,1,4,1,0,0,2,1,0,0,0,1,1,3,1,1,1,0,2,1,0,1,1,0,1,0,4,1,0,0,0,0,0,0,1,2,1,1,0
"419",2,0,0,2,1,2,1,2,2,3,4,0,1,0,0,1,3,0,1,1,2,1,3,1,1,0,1,1,0,4,5,6,1,3,1,1,0,0,0,0,0,2,3,0,0,1,0,1,1,0,1,0,0,0,0,2,0,1,3,4,1,2,1,1,1,1,1,1,0,0,1,1
"420",1,2,5,3,4,3,0,5,4,4,1,1,2,1,0,1,1,3,2,8,3,5,2,2,2,1,0,5,1,1,0,3,0,4,5,1,1,3,0,1,0,1,0,2,1,1,3,1,2,1,1,1,2,2,1,3,1,3,0,3,0,0,1,0,0,0,0,2,2,2,0,3
"421",2,0,0,2,1,1,2,1,1,2,1,0,1,0,0,0,0,3,0,1,1,0,5,1,1,0,2,0,0,2,2,0,2,2,1,1,0,1,0,2,1,0,0,0,0,1,0,0,1,0,1,1,1,3,0,0,1,0,0,0,0,0,0,0,0,0,1,1,1,2,1,1
"422",2,1,2,2,2,2,2,6,5,2,4,7,1,0,2,1,1,3,4,6,3,6,4,6,3,1,4,3,4,2,4,1,2,0,0,2,4,0,1,4,4,1,0,0,2,1,2,0,0,0,5,0,0,2,0,2,1,1,1,0,1,1,1,0,2,0,5,3,2,4,2,1
"423",2,0,2,3,1,1,2,4,1,3,2,0,2,1,1,1,1,3,2,1,0,2,1,2,2,1,1,2,1,1,0,1,0,1,3,1,0,1,1,1,1,1,3,0,2,0,1,1,1,1,1,0,1,0,1,0,0,0,0,2,1,1,1,0,0,0,0,1,0,2,1,3
"424",1,1,1,3,1,3,1,2,2,2,0,0,0,1,1,1,2,0,0,1,0,1,0,3,2,0,1,1,1,0,1,1,2,1,1,2,0,0,0,0,0,0,0,0,0,2,2,0,2,0,0,1,0,1,0,0,0,0,2,2,0,0,0,0,0,1,1,1,1,3,0,0
"425",2,0,0,2,1,2,3,3,2,1,1,1,1,1,0,2,2,2,2,5,3,4,2,5,3,0,0,1,2,1,0,1,1,1,0,0,0,0,0,2,0,0,0,0,3,1,3,1,1,0,0,2,0,1,1,1,0,0,0,0,0,0,0,2,0,1,0,1,1,2,0,0
"426",1,1,2,4,1,4,0,0,5,4,1,0,2,1,1,0,2,1,3,8,1,1,3,1,2,0,0,1,2,0,1,1,0,0,0,0,0,1,0,0,0,0,5,5,1,5,1,1,1,1,0,1,0,0,0,0,0,1,0,0,0,0,0,0,0,0,0,0,1,0,1,0
"427",3,0,1,0,0,3,1,3,6,0,2,0,2,0,0,4,2,2,4,2,0,1,2,3,2,1,1,0,3,1,0,3,0,0,0,0,0,1,1,0,1,0,0,1,1,0,1,0,0,0,0,1,1,0,0,2,0,1,0,2,1,2,0,0,0,2,0,0,2,0,0,0
"428",3,1,0,1,1,0,0,0,0,3,2,0,0,0,1,1,0,1,3,1,1,2,1,2,0,0,0,1,2,0,1,0,0,0,1,0,3,0,1,1,0,0,2,1,1,0,0,0,0,1,1,1,0,1,0,0,0,0,1,0,0,0,0,0,0,2,2,1,0,0,0,1
"429",2,1,1,1,0,1,1,0,0,0,1,1,1,0,3,0,2,2,3,1,1,0,1,0,3,3,2,0,1,0,0,0,0,0,0,0,0,0,0,1,0,0,0,0,0,0,1,0,0,0,1,0,1,0,0,0,0,0,0,0,0,0,0,0,1,1,1,0,0,2,0,1
"430",2,0,1,2,3,6,2,6,4,4,6,2,3,2,1,1,0,9,3,3,4,3,3,2,5,1,1,1,1,1,0,5,1,1,1,0,0,1,2,2,0,1,0,1,1,0,0,1,0,1,0,1,0,0,1,0,1,2,1,1,0,0,0,2,0,3,1,0,0,1,1,0
"431",0,1,0,1,1,2,0,0,0,1,2,0,1,1,0,5,0,1,2,1,4,1,0,0,0,0,0,0,1,2,0,2,2,0,0,0,0,0,0,1,0,0,2,0,0,0,0,0,0,2,0,0,0,1,1,0,0,0,0,0,1,0,0,0,1,0,1,0,0,0,1,1
"432",0,2,1,0,1,1,1,3,1,3,4,2,1,0,2,1,0,0,2,5,1,1,2,1,0,2,2,0,1,0,1,4,0,1,2,0,0,0,1,0,0,2,1,1,2,0,2,2,0,0,3,0,1,1,3,3,2,0,0,1,1,0,2,0,0,0,0,0,1,2,0,0
"433",2,1,0,1,0,1,0,4,1,0,4,0,3,1,0,0,5,1,1,2,0,1,1,1,1,0,1,0,1,2,0,0,2,0,0,1,2,0,1,0,0,1,0,2,0,1,0,0,1,0,0,0,1,1,1,0,1,2,0,0,0,0,0,0,1,0,0,0,1,1,0,0
"434",3,3,0,1,3,3,1,3,1,1,3,1,1,0,0,0,0,3,2,3,1,6,4,5,4,1,0,0,0,0,1,1,0,1,0,0,2,0,0,3,1,1,0,1,0,0,2,2,1,0,1,0,0,1,1,1,3,2,0,0,1,1,1,1,1,3,0,3,1,5,1,0
"435",2,1,0,1,0,0,0,2,0,2,1,0,1,0,0,2,0,0,1,0,1,2,2,1,0,0,0,0,1,0,1,3,0,0,0,0,0,0,1,4,0,2,0,0,1,1,1,1,0,0,2,0,0,0,1,0,1,0,0,0,2,1,0,0,0,0,1,2,0,2,2,0
"436",1,0,3,0,4,1,2,3,3,0,2,3,0,0,1,0,0,0,0,2,2,2,3,0,4,0,2,0,2,1,2,1,1,1,3,1,0,1,1,0,1,0,0,0,0,0,2,1,1,0,0,1,0,0,1,0,1,0,1,0,0,1,0,1,0,0,0,1,1,1,1,2
"437",1,1,1,2,1,2,1,1,1,6,4,2,1,2,1,2,3,0,2,3,3,2,4,2,2,0,3,3,2,1,1,1,0,1,4,1,0,1,0,1,0,3,0,3,0,2,2,1,2,1,2,5,0,0,3,1,2,1,1,1,2,0,0,0,2,1,1,1,2,2,1,1
"438",0,1,0,1,0,0,0,1,1,4,0,0,0,0,0,1,0,0,1,3,2,3,1,0,0,0,1,0,0,1,0,3,0,1,0,0,1,0,0,0,0,0,1,1,1,0,2,0,0,0,1,0,0,0,0,0,0,0,0,0,0,0,0,0,0,0,0,0,0,1,0,0
"439",0,0,1,2,0,0,0,0,0,1,0,1,0,2,0,1,0,1,1,0,1,2,1,0,1,0,1,2,0,0,1,1,2,2,1,0,0,0,1,0,1,0,2,0,2,0,2,1,0,0,1,1,0,0,1,0,0,0,0,1,0,0,2,0,0,0,1,0,0,0,0,0
"440",0,0,0,2,0,2,1,0,0,0,0,3,0,2,2,2,0,1,1,1,3,0,0,0,3,1,0,1,1,0,2,1,0,2,3,0,0,0,0,0,2,0,0,0,0,1,0,0,2,0,1,2,1,2,1,4,1,1,2,3,1,0,1,1,1,1,0,0,1,0,0,0
"441",0,0,0,1,0,0,1,0,0,0,2,0,0,0,1,0,0,0,0,2,1,0,1,0,1,1,0,1,0,0,0,1,1,0,0,0,1,0,0,0,0,0,2,0,1,1,0,2,1,0,0,0,1,1,1,0,0,0,0,0,0,0,2,0,0,0,0,0,0,0,0,0
"442",1,0,0,2,0,0,1,0,3,2,0,0,1,0,2,0,1,0,2,1,1,0,0,1,2,0,2,0,1,1,0,0,1,0,2,0,1,0,1,0,0,0,2,2,0,1,0,1,0,0,0,1,0,3,1,0,0,0,0,0,0,1,0,0,0,0,0,0,0,0,0,0
"443",0,2,2,1,2,1,0,1,5,1,1,0,0,1,1,2,0,1,2,1,1,1,0,0,2,1,0,1,3,0,1,0,0,0,1,1,0,0,1,0,0,0,0,0,0,0,0,1,0,0,0,0,2,0,1,1,0,0,0,0,1,0,0,0,1,0,0,0,0,0,0,0
"444",0,0,1,2,0,1,1,1,3,2,1,2,0,0,1,2,1,0,2,1,1,0,2,1,0,0,1,1,1,0,1,1,0,0,0,0,1,0,1,1,1,0,0,1,0,1,1,0,1,0,0,0,1,0,1,0,0,3,0,0,0,0,0,2,0,0,0,0,1,1,1,0
"445",0,0,5,0,1,2,2,0,2,4,3,1,2,0,0,2,2,1,3,1,1,1,0,1,0,2,2,0,2,0,0,1,1,2,1,1,1,0,0,0,0,0,0,1,0,1,1,0,0,1,0,0,0,0,1,0,0,1,1,0,0,2,0,0,0,0,0,0,0,0,3,0
"446",1,2,1,1,4,1,2,0,4,0,0,0,0,0,1,1,0,1,2,0,0,2,1,0,0,0,1,1,0,0,0,1,0,0,2,0,2,1,0,0,2,0,1,1,0,0,0,1,0,2,1,0,0,0,0,1,0,1,0,1,2,2,0,0,0,1,1,2,0,0,0,0
"447",0,2,2,1,3,2,2,1,3,2,2,2,0,0,0,1,1,2,2,1,2,0,2,5,0,0,1,4,0,3,5,0,4,1,1,0,2,0,0,3,0,0,1,1,1,0,2,0,0,0,1,0,1,1,0,1,0,1,0,2,1,0,0,0,0,1,1,1,0,1,0,0
"448",1,0,1,2,1,3,3,2,1,5,5,1,2,1,7,2,2,1,1,1,1,2,1,1,1,3,1,1,1,0,1,2,1,1,2,3,2,3,3,0,0,0,0,0,0,1,1,2,1,0,1,1,0,2,2,0,0,1,1,0,0,0,1,1,0,1,0,1,1,4,2,0
"449",0,2,1,1,1,1,0,1,2,1,0,0,0,3,0,2,0,2,0,0,1,0,1,0,0,1,0,1,0,1,0,0,1,2,1,1,1,0,1,0,0,1,1,1,1,2,1,4,0,1,2,1,1,0,2,0,0,2,0,1,0,2,1,0,0,0,0,0,1,1,0,0
"450",1,1,0,3,4,1,1,3,2,0,1,0,4,1,0,0,1,1,1,6,0,3,0,1,1,1,0,1,1,0,0,0,1,0,2,1,0,0,0,1,1,0,0,3,0,0,3,2,2,1,1,2,1,1,0,0,2,0,0,1,1,0,1,0,0,0,1,3,0,0,0,3
"451",4,3,0,1,3,2,4,6,1,4,4,1,1,0,4,2,1,0,2,3,1,2,5,3,2,0,0,1,0,0,1,1,1,2,1,0,1,2,0,0,1,0,1,2,2,1,1,1,1,1,0,0,0,0,1,2,3,0,1,0,1,0,2,0,1,1,0,5,3,3,1,1
"452",1,2,1,1,0,0,0,0,0,1,1,0,0,0,1,1,3,1,2,1,1,1,0,1,1,0,0,0,0,0,1,0,0,0,0,0,0,0,0,1,0,1,0,1,0,0,0,1,2,0,0,0,0,0,0,0,1,1,0,0,0,0,0,0,1,0,0,2,0,0,0,0
"453",1,5,1,4,1,1,1,5,0,0,0,4,0,1,0,2,1,0,1,2,0,1,1,3,1,0,0,0,1,1,2,0,1,2,0,1,0,0,1,1,0,2,1,0,2,1,3,0,0,0,0,1,1,1,5,1,1,2,0,0,0,0,1,0,0,0,1,0,6,1,1,1
"454",2,1,0,2,1,0,2,2,0,0,1,1,5,1,0,2,1,0,0,2,1,3,1,2,1,0,1,0,1,1,3,0,2,4,2,0,0,0,0,0,0,0,0,0,0,3,0,0,0,0,0,0,1,0,0,0,0,0,0,1,1,0,2,0,0,1,1,1,0,2,0,0
"455",0,0,2,1,1,1,2,1,1,1,3,1,0,2,2,0,2,1,2,0,2,3,0,4,0,0,1,1,0,3,0,2,1,3,0,1,0,1,0,0,0,0,2,2,1,0,1,2,0,0,0,1,1,0,1,0,0,0,0,0,1,0,0,1,0,1,1,2,1,1,0,0
"456",4,1,1,3,2,0,3,0,0,1,0,0,1,1,2,2,2,1,2,2,1,0,3,0,1,0,1,1,0,1,0,0,0,3,0,2,1,1,0,0,0,0,0,0,1,1,0,0,0,1,0,0,1,0,0,0,0,0,0,0,1,0,0,0,0,0,1,0,0,0,0,0
"457",0,3,1,2,1,0,1,0,0,2,0,1,0,0,0,0,1,1,0,0,1,3,1,1,0,1,1,2,0,0,0,1,1,0,0,0,0,0,0,0,0,0,1,0,0,0,0,0,0,0,0,0,1,1,1,0,0,2,0,0,0,0,1,0,0,1,0,0,0,1,0,0
"458",0,0,0,4,3,2,1,0,1,1,4,3,1,0,0,0,0,1,1,1,0,1,2,2,0,0,2,0,1,1,0,0,0,0,0,0,1,0,0,1,1,0,0,0,1,3,0,1,0,0,0,0,2,1,0,0,0,1,0,0,0,1,0,0,1,0,0,0,1,1,0,0
"459",0,1,1,1,2,0,0,0,2,1,1,1,1,0,1,2,2,0,1,1,1,0,1,1,2,0,0,2,1,1,1,0,0,0,0,2,0,0,0,1,0,1,1,1,2,0,0,2,2,2,1,1,1,0,0,0,1,0,1,0,0,0,0,0,2,0,1,0,0,1,0,2
"460",0,2,0,5,3,4,2,1,2,3,2,2,1,0,1,1,1,1,2,1,2,3,1,2,2,2,0,0,4,0,0,0,0,0,0,1,0,0,0,0,0,0,0,2,0,1,3,1,1,0,0,0,1,1,0,0,0,0,0,1,1,0,1,1,0,2,0,0,0,2,0,2
"461",2,0,4,2,3,1,3,2,3,0,2,1,2,1,0,2,2,4,2,1,5,2,1,1,2,2,1,0,5,0,2,2,2,2,2,0,1,0,4,1,0,0,0,0,2,1,2,1,1,1,2,0,1,2,0,4,0,0,1,0,0,1,2,1,3,1,1,3,1,2,1,0
"462",2,0,0,2,2,0,2,1,2,1,0,0,0,0,0,0,1,0,0,0,1,1,3,2,0,1,2,2,4,1,2,2,1,0,0,3,0,0,1,1,2,2,1,1,1,0,0,1,0,0,1,0,0,0,0,0,0,0,0,0,1,0,0,0,0,0,0,0,0,1,0,1
"463",1,1,1,2,1,2,1,2,2,2,5,1,0,0,1,2,1,3,2,3,6,5,8,4,2,0,2,2,2,4,1,2,0,2,2,0,0,1,0,0,0,3,3,1,0,0,0,1,1,0,0,1,0,1,0,1,4,0,0,0,0,0,0,3,0,0,0,2,0,0,0,1
"464",0,0,0,1,1,3,3,0,1,3,3,3,2,0,3,3,4,3,1,4,3,4,2,3,0,0,3,0,2,2,0,1,1,2,1,0,0,1,0,0,2,0,3,1,0,1,3,1,2,0,0,0,0,0,0,0,0,1,1,0,0,0,3,1,1,0,0,0,3,1,2,1
"465",0,0,1,2,0,3,0,1,0,0,3,0,0,1,2,1,2,5,1,2,1,6,3,3,0,0,3,0,0,1,1,1,0,1,0,0,0,0,0,1,0,3,1,0,1,0,0,1,0,1,0,1,1,2,0,0,0,0,1,0,0,0,0,1,0,0,0,0,3,1,3,1
"466",2,2,2,3,1,0,3,4,2,2,1,1,2,1,2,1,0,1,3,4,1,4,0,1,1,0,4,4,5,4,2,4,0,4,3,2,1,0,0,0,0,8,0,2,5,1,3,0,1,1,1,3,1,2,0,2,0,1,0,4,0,1,1,0,4,1,0,0,0,1,1,2
"467",0,1,1,0,2,1,1,1,1,2,1,2,0,1,2,0,1,0,3,0,0,1,4,1,3,0,0,1,0,1,0,1,1,2,0,1,1,2,0,1,0,2,0,0,0,0,1,1,1,0,1,0,0,0,0,0,2,2,1,0,0,1,1,0,2,1,0,0,0,1,1,0
"468",1,3,0,0,0,1,1,0,0,0,0,0,0,0,0,3,0,1,0,0,1,1,1,0,0,0,0,1,0,1,1,0,0,1,0,1,1,0,0,0,0,0,0,0,0,2,0,2,0,1,0,0,0,0,0,2,3,1,0,0,0,1,0,0,0,0,0,0,0,1,0,0
"469",3,1,0,0,2,2,2,2,2,2,2,1,0,1,2,1,1,0,1,1,5,3,2,2,0,0,1,2,1,3,0,3,2,2,3,2,1,1,2,0,1,3,5,2,0,0,2,0,0,0,0,2,0,0,0,2,2,1,1,0,0,0,0,0,0,0,0,0,1,0,1,0
"470",2,2,3,0,1,1,0,1,1,0,7,1,5,1,1,2,5,0,0,5,2,2,3,1,2,2,1,0,0,0,5,2,0,1,2,0,0,2,1,0,3,1,2,0,0,3,1,1,1,0,1,1,1,0,2,0,1,1,4,1,0,0,0,0,0,1,1,2,0,0,0,2
"471",0,0,0,0,1,1,0,0,0,0,0,0,0,0,0,1,2,0,3,1,0,0,1,1,2,1,1,0,0,0,2,2,1,0,0,0,1,0,1,0,1,0,0,0,1,1,2,0,0,1,1,0,0,1,1,0,0,0,0,0,0,0,0,0,0,0,1,1,1,0,0,0
"472",0,0,1,0,0,1,1,1,1,0,0,0,1,0,0,0,0,2,1,1,1,1,1,1,0,1,0,0,0,3,0,1,0,0,0,0,0,0,1,1,0,1,1,1,0,0,0,0,0,0,0,0,0,0,0,0,1,0,2,0,0,0,0,0,0,1,0,0,1,0,0,0
"473",2,4,1,4,3,2,3,1,0,2,3,3,4,2,2,2,3,2,2,4,3,1,5,3,1,2,1,0,2,2,5,2,0,4,0,1,0,1,1,2,1,1,3,1,0,1,5,0,2,0,1,1,1,0,1,2,1,0,0,2,0,0,0,3,0,2,1,5,1,3,1,0
"474",0,1,2,5,5,8,1,2,1,2,2,4,6,1,0,0,0,1,4,1,2,3,4,2,2,2,3,1,2,0,5,3,1,3,1,1,0,0,1,1,0,2,1,0,1,1,0,1,0,2,0,4,0,1,1,1,0,1,0,0,1,0,0,2,0,0,3,1,1,1,1,1
"475",2,1,0,1,1,3,3,4,4,3,2,2,2,2,2,2,2,2,3,3,2,2,0,2,2,0,0,2,2,1,2,0,0,0,0,1,1,0,0,0,0,1,0,1,2,0,0,0,1,0,1,1,1,0,0,0,2,1,0,0,0,0,1,0,1,0,1,0,1,1,2,0
"476",0,0,1,2,0,1,1,3,8,1,1,0,0,0,0,2,1,0,0,3,1,1,1,2,1,1,0,0,0,0,2,0,2,3,0,1,2,0,0,0,0,0,0,0,2,1,1,0,1,2,0,0,0,0,0,0,1,0,0,1,1,0,2,1,1,1,0,0,0,0,0,0
"477",1,1,1,1,2,2,2,3,0,1,0,3,2,0,3,0,0,1,5,6,2,2,3,1,0,0,2,0,3,2,1,0,0,1,1,3,0,0,0,0,0,1,1,1,0,0,2,0,0,0,0,0,0,0,0,1,0,0,0,0,0,0,0,0,0,0,1,0,1,0,0,0
"478",0,2,0,0,1,0,2,1,4,4,5,1,2,1,1,0,2,3,5,4,2,1,0,0,1,1,0,1,0,0,1,1,1,0,3,0,0,0,1,0,0,0,0,0,0,0,0,0,1,1,0,0,0,2,3,0,1,0,1,0,0,0,0,0,1,0,1,1,0,0,1,1
"479",0,0,0,0,0,0,0,0,0,1,0,0,0,0,0,0,0,0,0,0,0,0,0,0,0,0,0,0,0,0,0,1,0,0,0,0,0,0,0,0,0,0,0,0,0,0,0,0,0,0,0,0,0,0,0,0,0,0,0,0,0,0,0,0,0,0,0,0,0,0,0,0
"480",1,1,2,2,2,3,2,3,3,3,9,1,2,5,3,1,4,2,5,1,1,2,2,2,5,0,0,0,2,3,1,4,4,3,3,6,2,2,2,2,1,0,0,0,1,2,1,0,0,0,1,0,0,1,1,1,0,0,3,5,1,0,1,3,2,10,4,0,1,0,1,4
"481",0,2,5,3,5,1,1,1,2,0,2,3,0,0,1,1,3,0,1,1,3,0,2,0,1,0,2,0,1,0,1,0,0,1,0,1,2,0,0,0,1,1,0,3,0,0,1,0,0,0,2,1,1,0,0,0,4,0,0,1,0,0,0,1,0,1,2,0,0,1,0,3
"482",1,2,1,1,3,3,2,14,5,2,0,2,0,0,1,4,6,7,1,1,2,5,9,2,1,3,4,1,2,0,1,1,5,2,0,4,1,1,0,4,3,3,4,0,5,1,3,1,1,0,3,2,2,1,1,2,1,1,2,2,4,0,1,0,1,4,2,3,1,0,0,2
"483",2,1,4,2,4,2,1,8,2,2,3,3,0,1,3,1,2,4,5,6,2,3,4,2,3,3,0,2,0,0,3,3,1,2,4,1,2,2,1,1,1,2,0,2,1,2,0,1,0,0,2,2,4,0,2,1,1,1,0,2,2,1,1,3,0,1,3,4,0,2,4,2
"484",3,1,0,3,5,0,3,2,2,3,3,1,3,4,1,2,3,3,8,1,3,6,2,1,5,1,2,7,1,5,1,3,5,4,2,3,0,3,1,0,7,4,3,3,0,2,1,2,3,1,4,4,2,1,3,2,1,2,2,0,1,1,2,0,6,0,0,1,6,2,2,4
"485",0,0,2,3,0,6,3,2,2,3,0,0,0,0,0,1,2,4,1,2,3,0,1,6,1,0,4,0,4,6,2,1,2,2,1,1,0,2,2,1,0,0,0,2,4,1,1,0,0,0,0,0,2,2,0,0,0,0,1,1,0,0,1,0,1,0,0,1,1,0,0,1
"486",1,0,8,4,1,2,3,3,4,6,3,2,2,0,2,4,3,1,5,5,6,0,0,2,2,1,2,1,1,2,1,2,0,1,2,0,0,2,2,2,1,2,0,7,2,0,0,2,0,1,1,1,1,2,2,1,1,0,2,1,2,0,1,1,0,1,0,0,1,0,0,0
"487",1,5,1,0,4,3,10,1,7,2,1,2,4,1,0,1,0,3,5,6,5,1,3,5,4,3,3,3,2,1,2,3,2,4,1,1,0,1,0,2,1,1,1,1,1,0,4,2,0,3,3,0,4,2,0,5,0,0,0,0,0,0,1,0,3,3,0,2,2,0,0,2
"488",2,0,3,2,0,2,1,1,1,0,0,0,2,1,3,0,0,1,4,2,1,1,0,1,0,2,1,0,0,1,2,1,1,2,2,1,0,1,0,0,0,0,0,2,1,2,2,0,0,1,0,0,0,0,0,3,3,0,0,0,0,0,1,0,1,3,0,1,0,2,0,0
"489",0,2,2,1,1,0,1,1,0,0,0,2,0,1,0,0,1,0,1,1,0,1,0,0,0,0,0,0,0,0,2,2,0,1,3,0,1,0,0,2,0,0,1,0,0,1,0,0,0,0,0,1,2,0,0,0,1,0,0,1,1,1,0,0,0,1,3,0,1,2,1,0
"490",1,0,2,0,1,1,2,2,1,0,0,1,0,0,1,4,0,1,1,4,3,0,1,1,0,0,1,0,0,0,0,0,1,0,2,0,1,0,0,0,1,1,3,3,0,0,0,0,0,0,0,0,0,0,1,1,0,1,2,0,0,0,0,1,0,1,0,1,1,0,1,0
"491",2,1,0,1,5,4,2,2,6,2,0,1,2,0,1,0,3,1,1,3,0,2,3,1,3,3,2,2,1,1,2,0,0,1,1,0,2,1,1,1,0,1,0,3,0,2,1,1,0,0,0,0,0,0,1,1,0,0,1,0,0,0,3,1,1,1,2,2,1,0,0,1
"492",0,0,0,0,1,1,0,1,0,0,1,0,0,0,0,0,0,0,3,0,2,3,0,0,1,2,0,1,3,0,1,0,0,3,0,2,3,1,0,0,0,0,1,0,1,0,0,1,0,0,0,1,1,0,0,0,1,1,3,4,4,2,0,0,1,3,1,0,0,1,0,1
"493",1,0,2,1,1,2,2,4,2,0,4,0,6,2,4,6,6,0,3,0,2,5,5,1,0,1,1,1,0,2,2,5,1,4,2,0,2,1,0,2,3,3,1,4,4,5,2,1,0,1,1,2,1,2,0,0,1,3,0,3,1,1,4,3,0,1,1,2,3,4,1,0
"494",1,2,0,3,1,5,3,2,2,2,0,0,4,3,1,2,4,1,10,2,1,0,2,4,2,2,0,1,2,2,3,5,1,0,4,4,0,0,0,1,0,1,1,2,4,3,2,1,0,0,1,1,1,1,1,2,2,2,3,6,1,0,0,0,0,1,2,0,5,3,2,2
"495",0,1,3,3,2,0,2,3,5,3,0,3,0,4,2,2,5,7,4,1,1,2,3,1,0,0,3,1,1,10,2,1,2,0,1,7,2,6,0,2,3,1,2,3,0,1,1,3,5,0,1,1,6,0,4,2,1,2,1,1,1,0,0,1,3,2,4,3,5,2,5,3
"496",0,1,1,2,1,0,2,0,1,0,1,2,0,0,1,1,0,1,2,0,0,2,1,1,1,0,0,3,2,2,3,1,1,1,1,0,2,0,0,0,0,0,0,0,0,0,0,0,0,0,0,1,0,0,0,0,0,0,0,0,0,1,0,0,0,0,0,0,0,0,0,0
"497",3,0,1,3,1,4,3,0,0,2,3,1,0,0,1,3,3,1,3,0,1,4,2,0,0,0,0,0,0,1,3,2,2,4,2,0,1,0,1,1,1,0,1,0,1,0,1,0,0,1,0,1,0,1,1,1,1,0,0,1,1,1,2,1,0,2,0,0,0,0,2,0
"498",1,0,0,2,4,0,2,2,2,0,1,0,0,0,0,0,0,0,0,0,0,0,1,0,0,0,0,2,0,2,2,0,0,0,1,0,1,0,0,0,0,1,0,0,3,0,1,0,0,1,1,2,1,1,2,1,0,0,1,1,0,0,1,0,0,1,1,2,1,0,0,0
"499",0,1,3,1,0,1,3,0,0,3,2,1,2,3,1,2,1,0,1,2,3,0,1,0,3,2,2,1,2,4,2,3,2,1,0,0,0,2,2,1,1,0,1,1,4,0,5,1,1,0,0,2,4,4,4,0,0,1,2,2,0,1,1,1,1,0,0,1,2,0,0,1
"500",2,1,1,1,3,2,8,2,0,1,0,2,2,1,0,1,5,7,0,2,2,0,0,3,1,0,1,6,4,2,2,1,3,1,1,2,0,0,0,1,0,1,0,0,2,1,1,0,2,0,1,0,0,0,0,0,0,1,0,0,0,0,0,0,0,0,1,3,0,0,2,0
"501",3,0,0,1,2,0,0,2,1,0,1,0,0,0,3,3,3,6,3,2,2,2,1,2,1,2,0,4,4,5,0,1,1,0,0,4,1,0,1,3,2,0,1,2,1,1,4,1,0,0,1,0,0,1,1,1,2,1,1,0,0,0,1,1,1,0,2,0,0,1,0,0
"502",0,1,1,4,9,2,8,6,3,2,3,0,2,1,0,9,8,2,2,2,4,0,4,3,2,2,3,3,1,5,5,5,0,2,0,3,2,0,0,1,2,4,0,2,0,1,0,1,0,1,2,1,1,0,2,1,0,2,0,1,0,0,0,1,1,0,0,0,0,1,0,0
"503",2,0,2,1,1,2,1,2,1,2,0,0,0,2,0,0,2,3,2,2,3,3,3,1,0,0,3,4,0,0,1,3,1,1,2,0,1,0,1,0,2,4,3,1,0,0,1,1,1,1,0,1,0,2,0,0,0,3,0,0,0,1,1,0,2,1,0,1,2,0,0,0
"504",1,3,4,2,0,1,0,1,0,1,0,2,2,2,2,7,1,2,1,2,1,0,2,1,3,1,3,0,1,1,0,1,1,1,2,1,0,0,1,1,6,3,0,2,1,2,2,0,1,0,1,3,3,2,0,1,2,0,1,0,0,1,1,1,1,2,0,2,0,0,0,0
"505",1,0,0,0,3,0,0,0,1,1,3,0,0,1,1,3,2,1,2,1,1,2,1,1,0,1,1,3,0,2,1,0,0,1,0,1,1,1,0,0,0,1,0,0,0,0,0,0,0,1,1,2,1,1,0,0,0,0,0,0,0,0,0,0,0,1,0,1,0,0,0,0
"506",3,4,1,1,1,1,2,4,2,2,1,2,2,0,4,5,0,5,2,2,1,5,3,1,3,0,2,1,0,1,3,3,1,0,1,1,2,0,0,0,0,2,0,0,2,1,0,1,3,1,1,0,0,0,2,0,0,2,0,2,1,0,0,1,0,0,1,0,0,1,2,0
"507",2,2,3,3,4,5,3,10,6,4,9,7,3,2,1,2,3,2,7,5,7,1,8,1,0,1,4,0,4,1,0,2,3,2,3,3,1,0,1,3,4,0,4,1,0,2,1,4,2,0,0,0,2,3,2,1,3,4,1,1,2,1,1,2,3,0,2,2,2,2,1,3
"508",3,2,1,0,3,2,1,0,0,1,3,4,1,2,1,2,1,2,1,1,2,8,1,3,1,1,2,2,3,0,2,5,3,0,1,0,0,0,0,2,3,2,2,4,2,2,0,0,1,0,1,0,0,0,0,3,1,0,3,1,1,1,2,0,2,1,1,1,0,1,1,1
"509",1,0,1,6,0,1,3,1,4,3,0,2,2,2,1,2,5,0,6,5,4,3,1,1,0,1,2,2,3,2,3,3,2,4,1,2,0,0,1,2,1,2,1,2,7,1,3,2,0,0,1,0,0,0,0,1,2,3,1,1,0,0,0,2,0,1,0,2,1,1,1,2
"510",1,0,3,2,3,7,2,6,5,4,2,4,3,3,4,3,8,4,4,4,3,1,0,6,5,2,1,0,5,4,2,2,3,2,0,0,0,1,1,0,0,3,1,0,2,2,2,0,0,1,0,0,0,2,1,0,2,1,2,4,1,1,0,3,4,0,0,1,1,3,0,0
"511",0,0,0,1,3,0,2,0,1,3,0,0,2,0,1,1,0,1,0,3,3,1,2,1,0,1,0,1,1,1,2,1,1,1,2,0,1,2,0,0,1,2,0,0,0,0,0,0,0,1,1,1,3,1,0,1,1,0,0,0,0,0,0,1,2,2,0,2,1,0,0,1
"512",1,0,1,1,1,0,0,0,3,3,0,2,2,0,0,3,3,1,0,5,2,1,1,1,0,1,0,2,2,0,2,4,0,2,3,2,3,0,1,1,0,0,1,4,0,2,3,1,1,1,0,2,2,0,0,1,4,1,1,1,0,0,0,0,0,2,1,0,0,1,2,2
"513",0,0,1,1,0,3,0,0,0,0,2,2,1,1,1,2,4,1,0,1,1,0,1,0,0,0,0,1,0,0,1,0,0,0,0,0,0,0,1,1,0,0,0,0,0,1,2,0,0,0,0,0,0,0,0,0,0,1,0,0,1,0,0,1,1,1,1,0,0,1,0,0
"514",0,1,1,0,0,3,2,1,0,3,1,4,0,1,1,4,2,1,1,2,5,1,0,0,0,0,1,0,0,1,0,3,1,0,0,0,0,0,1,1,0,1,1,0,1,2,0,2,1,0,0,1,0,0,2,1,2,0,0,0,0,1,2,2,0,2,0,1,0,0,0,1
"515",1,2,2,0,2,1,1,4,2,3,3,0,1,1,0,0,5,2,1,0,0,6,0,1,1,1,1,1,0,0,4,1,0,4,1,1,3,1,1,0,4,3,0,2,3,1,2,1,2,1,3,2,0,3,3,0,3,1,3,1,1,0,3,1,1,2,0,1,2,0,2,1
"516",1,0,3,7,2,2,0,3,0,1,0,1,0,2,0,2,0,1,0,1,2,0,0,0,1,0,0,2,0,2,0,1,0,1,0,0,1,0,0,0,2,1,1,0,0,1,3,0,0,0,0,1,2,1,1,1,1,0,0,0,0,0,0,0,2,1,0,0,0,0,1,0
"517",0,0,1,1,1,0,1,2,0,1,2,0,2,0,0,0,3,0,3,1,0,2,0,0,2,1,0,0,0,0,3,1,0,0,0,0,1,1,0,1,0,0,0,0,0,1,1,0,0,0,0,0,1,3,0,0,0,0,0,0,0,0,0,0,0,0,0,0,1,0,1,0
"518",1,1,0,1,1,0,3,1,0,1,1,1,0,0,0,0,0,0,1,0,0,3,1,2,1,0,1,0,1,2,0,1,1,1,0,0,0,0,0,0,1,0,0,0,1,0,0,0,1,0,0,0,0,2,2,1,1,2,1,0,0,1,0,1,0,0,0,0,0,0,0,0
"519",0,1,1,1,0,0,0,0,0,0,2,1,0,1,1,1,0,0,1,0,0,4,0,1,0,0,1,0,0,1,0,0,0,1,0,0,0,1,0,2,2,0,0,2,0,1,0,0,0,0,0,0,1,1,2,2,1,2,0,0,0,0,0,0,0,1,1,0,0,1,0,0
"520",1,1,1,1,1,1,2,2,0,3,5,0,1,2,2,0,1,0,1,0,0,0,0,1,0,0,0,0,0,0,1,0,0,1,2,0,0,0,1,1,0,0,1,0,2,1,2,0,0,1,0,1,1,0,0,0,0,0,0,0,0,2,0,0,1,1,1,1,2,0,0,1
"521",1,2,1,1,0,0,1,0,0,1,2,2,1,0,0,0,0,1,0,1,2,0,1,1,1,0,0,1,2,0,3,4,2,2,4,1,0,0,0,0,0,0,0,1,0,2,0,0,1,0,0,0,1,1,1,0,1,0,0,0,1,1,0,0,0,0,0,0,0,1,0,3
"522",3,0,1,0,1,0,1,1,0,2,2,1,2,0,0,2,2,4,0,2,2,3,2,2,1,2,2,1,5,3,1,1,1,2,2,0,3,1,0,0,1,1,2,5,0,0,0,1,0,0,1,4,0,0,0,2,0,0,0,1,2,1,0,1,3,3,0,2,1,2,0,1
"523",0,0,0,0,0,0,0,0,0,0,0,0,0,0,0,0,0,0,0,1,1,0,1,1,0,0,0,0,0,1,0,0,0,1,0,0,0,0,0,0,0,0,0,0,0,0,0,0,0,0,1,0,0,2,1,0,0,0,0,0,0,0,0,2,0,0,0,0,0,2,1,0
"524",2,0,0,3,2,1,0,1,0,0,3,1,1,1,0,3,1,0,0,2,3,0,2,1,0,1,1,2,3,1,2,2,0,0,1,2,0,1,2,0,0,1,0,0,0,0,0,1,0,0,0,1,0,0,1,0,1,0,0,0,0,0,0,0,0,0,1,0,1,1,0,1
"525",1,0,0,0,1,1,3,2,0,0,0,0,0,0,1,0,0,0,1,0,1,1,0,0,1,0,0,1,0,1,0,0,0,0,0,0,0,1,0,0,0,0,1,1,1,0,0,0,0,0,0,0,0,0,0,0,0,0,0,0,0,1,1,0,1,2,0,0,0,0,0,0
"526",0,0,2,0,0,1,1,1,2,1,1,0,0,0,0,1,0,1,0,1,0,0,1,1,0,0,0,3,0,0,0,0,0,1,0,0,0,0,0,0,0,0,1,3,5,1,1,0,0,0,0,0,0,0,0,1,1,1,0,0,0,0,1,1,0,0,0,0,0,0,0,0
"527",0,1,0,0,0,0,0,1,0,0,1,1,1,0,0,1,0,0,2,0,1,0,0,0,0,1,0,2,1,3,0,1,0,2,1,0,0,0,0,0,0,0,0,1,0,0,0,0,0,0,0,0,0,0,1,1,0,0,0,0,0,0,0,1,0,0,0,0,0,0,0,0
"528",0,1,2,0,1,1,0,3,1,1,1,0,0,0,0,0,0,1,0,2,3,2,1,5,0,1,0,0,0,0,1,1,2,0,1,0,2,0,0,0,0,2,0,0,0,2,1,1,0,0,0,2,2,0,0,0,0,0,0,1,0,0,0,0,0,0,0,0,2,0,0,0
"529",0,0,5,0,2,4,1,4,1,2,2,0,1,3,2,1,1,1,0,0,1,1,0,1,0,0,0,1,1,1,0,0,2,2,3,0,3,0,0,0,2,0,2,0,1,1,2,2,0,0,0,0,0,1,2,1,2,1,0,1,0,0,1,0,3,0,0,1,0,0,1,0
"530",3,0,1,0,1,0,0,0,1,0,0,0,0,1,0,1,0,2,0,1,0,1,0,0,0,0,0,0,0,2,0,0,0,0,1,0,2,0,0,0,0,0,0,0,0,0,0,0,0,0,0,0,0,1,0,0,0,1,0,0,0,0,0,0,0,1,0,1,0,0,0,0
"531",0,0,0,1,0,2,0,2,0,2,1,0,0,0,0,0,2,0,1,0,0,0,0,1,0,0,1,0,0,0,0,0,1,1,0,0,0,0,0,0,0,0,0,0,1,0,1,0,1,0,0,1,0,0,1,0,0,0,0,0,0,0,0,0,1,0,0,0,0,0,0,0
"532",1,1,0,0,0,0,0,0,0,0,0,0,0,0,0,1,2,0,0,0,0,0,0,0,0,0,0,1,2,0,0,1,0,0,1,0,0,0,0,0,4,1,1,0,0,1,3,1,1,1,0,0,0,0,0,0,0,0,0,0,0,0,0,0,0,2,0,1,1,0,0,0
"533",0,0,0,0,0,1,0,0,0,0,0,0,0,0,0,0,1,0,0,0,0,1,0,1,0,0,0,0,1,1,0,0,1,2,1,0,0,1,0,0,0,2,0,1,0,1,1,0,0,1,0,0,1,0,0,2,2,1,0,0,2,0,1,0,0,0,1,1,0,1,0,0
"534",0,0,0,0,1,0,0,1,2,1,0,0,0,0,0,0,0,0,0,0,1,0,0,0,1,0,0,0,0,0,0,0,0,0,0,0,0,0,0,0,1,1,3,3,3,0,3,0,0,0,0,0,0,0,1,2,0,0,0,0,0,0,0,0,0,1,0,0,0,0,0,0
"535",0,0,0,0,1,2,1,0,2,0,1,0,0,1,1,0,3,0,1,1,2,0,0,0,1,0,1,2,0,1,0,0,0,1,1,1,0,0,1,0,0,0,0,0,0,0,0,1,0,0,0,0,0,1,0,0,1,0,0,0,0,0,0,1,1,1,0,2,0,0,3,1
"536",0,0,0,0,0,0,1,0,0,1,1,0,1,0,1,2,0,0,0,0,0,0,0,0,0,0,2,1,0,1,0,0,0,1,0,1,1,0,0,0,0,1,0,0,1,0,0,0,0,0,0,0,0,0,1,0,0,0,0,0,1,1,0,0,0,0,0,0,0,0,0,0
"537",0,0,2,2,3,4,1,1,2,1,2,0,1,0,4,2,0,2,1,3,2,1,1,2,1,0,0,2,0,2,1,0,1,1,0,3,1,0,0,0,0,0,1,1,1,1,1,0,0,1,0,0,0,0,1,0,0,0,0,0,0,0,0,0,1,0,0,1,0,0,1,0
"538",0,0,0,0,2,0,3,1,1,1,0,0,2,0,0,2,2,1,1,1,2,1,3,2,1,0,1,0,1,2,4,1,0,1,0,0,0,0,0,1,0,0,1,1,2,1,0,3,0,0,0,0,1,0,0,1,1,1,1,1,0,1,0,0,1,0,0,1,2,0,0,2
"539",4,3,1,2,3,4,3,6,0,1,2,5,2,1,1,2,5,6,5,3,9,8,4,5,2,1,0,3,2,3,2,3,3,1,1,1,0,3,0,4,1,5,5,4,3,1,3,2,0,0,2,0,1,0,2,5,3,0,1,2,0,1,2,2,1,1,1,2,1,4,0,2
"540",0,0,0,0,1,1,0,0,0,1,0,0,0,1,1,0,2,0,0,0,0,0,0,1,0,1,0,0,1,0,1,0,1,1,1,0,0,1,0,1,0,0,0,1,0,0,0,1,0,0,0,0,0,0,1,0,0,1,0,1,0,0,0,1,0,1,1,1,0,1,0,0
"541",6,1,4,3,2,3,5,5,1,3,1,0,1,0,2,2,1,2,3,4,2,1,1,1,2,0,2,0,1,1,1,0,1,1,1,2,1,1,2,1,1,1,1,2,1,1,1,2,0,0,0,2,1,2,0,1,1,2,0,2,1,1,0,0,0,0,1,0,0,0,0,0
"542",2,0,4,1,3,3,0,7,2,4,2,1,3,0,1,1,4,3,8,9,5,3,6,2,1,2,1,2,3,2,2,6,3,1,4,2,0,0,3,5,1,2,2,3,4,0,3,1,1,3,2,1,1,1,1,0,1,5,2,3,2,0,3,2,1,0,4,1,0,3,0,3
"543",1,1,0,1,0,1,1,0,0,3,2,2,0,1,1,1,0,0,2,3,0,0,1,0,0,0,0,0,0,0,1,1,1,0,0,0,0,1,0,0,0,0,0,0,0,0,1,1,1,0,0,1,0,0,0,1,0,0,1,2,0,0,0,0,0,0,2,1,0,0,0,0
"544",1,2,0,1,1,5,1,2,3,6,3,3,3,0,3,2,5,2,4,5,5,1,1,1,1,2,1,2,2,3,3,2,1,0,3,4,2,0,1,0,0,1,1,0,2,2,0,1,1,0,2,4,1,2,3,2,2,3,1,2,2,1,2,1,1,1,3,3,2,1,1,2
"545",0,1,0,3,0,0,0,3,2,3,5,0,1,2,1,1,3,1,0,2,1,3,1,1,2,0,1,0,1,2,2,1,1,1,2,1,1,1,0,0,2,0,2,1,1,2,1,3,0,1,0,0,1,0,3,0,2,0,0,1,0,0,0,0,0,1,2,1,0,0,2,1
"546",2,0,6,0,1,1,3,6,1,0,2,2,2,1,1,1,2,0,1,2,2,2,2,0,2,1,2,1,2,2,0,3,2,1,2,1,0,0,0,2,2,1,1,4,2,2,1,0,0,0,0,1,0,0,1,2,1,0,2,0,0,0,0,1,2,0,0,0,1,0,1,3
"547",1,3,1,1,6,2,3,1,3,0,2,2,2,1,2,3,4,6,2,1,2,1,0,1,0,0,0,0,0,0,2,0,0,0,1,0,0,0,2,0,2,1,0,5,2,3,1,0,0,1,0,0,0,1,0,0,1,0,0,1,0,0,0,1,1,0,0,0,0,1,2,2
"548",1,0,4,1,1,3,1,3,3,1,0,3,1,0,3,5,1,3,3,2,3,5,3,5,3,1,1,2,5,4,5,3,4,2,1,1,0,1,2,1,2,4,2,0,3,1,0,0,0,1,0,2,1,0,1,2,1,0,0,0,1,0,0,1,2,1,1,1,0,1,3,0
"549",1,1,0,0,1,0,0,0,0,1,1,0,1,0,1,0,2,0,1,0,1,1,2,0,0,0,0,2,1,0,0,0,0,0,0,0,0,0,0,1,0,0,0,2,0,0,1,1,1,0,0,1,2,0,0,0,1,1,0,0,0,0,1,0,2,0,0,0,0,1,0,0
"550",0,0,0,0,0,0,0,0,0,0,0,0,0,0,0,0,0,0,0,0,1,0,0,1,0,0,0,0,0,0,0,1,0,1,0,0,0,1,0,0,1,0,0,0,0,0,0,0,0,0,0,0,0,0,0,0,0,0,0,0,0,1,0,0,1,0,1,0,0,0,0,0
"551",1,0,1,0,1,0,0,0,0,0,0,0,0,0,0,0,0,1,5,3,1,0,1,0,1,0,2,1,1,1,0,1,1,3,0,1,1,0,0,1,2,0,1,2,1,0,3,0,0,1,0,0,0,0,1,0,2,1,0,0,0,2,2,2,1,0,0,2,1,2,2,0
"552",0,0,2,0,0,0,1,2,0,1,1,0,0,0,0,1,1,1,1,1,0,1,1,2,4,3,0,3,1,1,1,0,0,1,0,0,1,0,0,1,1,2,3,2,1,1,0,8,1,0,1,1,0,1,1,2,0,1,1,0,0,0,0,1,0,1,0,0,0,1,3,0
